CITY_NAME,ZIPCODE,STATE,LATITUDE,LONGITUDE,AREA,DEMOCRAT,NEIGHBORS
CITY_NAME, ZIP_CODE, STATE, LATITUDE, LONGITUDE,0.632916108125613, NEIGHBORS
WALDORF,20601,MD,38.6197,-76.8598,0.3233630170292183,"-76.740059,38.56061,0.0 -76.740743,38.559242,0.0 -76.814234,38.550355,0.0 -76.852859,38.559584,0.0 -76.860379,38.565053,0.0 -76.910627,38.626581,0.0 -77.001209,38.654952,0.0 -76.981041,38.68845,0.0 -76.95643,38.704174,0.0 -76.740059,38.56061,0.0"
WALDORF,20602,MD,38.5893,-76.8952,0.7173460860087345,"-76.905499,38.547279,0.0 -76.937289,38.598893,0.0 -76.910627,38.626581,0.0 -76.860379,38.565053,0.0 -76.905499,38.547279,0.0"
WALDORF,20603,MD,38.6309,-76.9739,0.42594046335049485,"-76.937289,38.598893,0.0 -77.047354,38.617352,0.0 -77.001209,38.654952,0.0 -76.910627,38.626581,0.0 -76.937289,38.598893,0.0"
ACCOKEEK,20607,MD,38.6689,-77.0304,0.6704430124024532,"-77.047354,38.617352,0.0 -77.048038,38.616326,0.0 -77.076067,38.690501,0.0 -77.003943,38.694944,0.0 -76.985827,38.699388,0.0 -76.981041,38.68845,0.0 -77.001209,38.654952,0.0 -77.047354,38.617352,0.0"
AQUASCO,20608,MD,38.5884,-76.7096,0.5034826682772935,"-76.701775,38.54557,0.0 -76.740743,38.559242,0.0 -76.740059,38.56061,0.0 -76.750997,38.619061,0.0 -76.674088,38.618035,0.0 -76.701775,38.54557,0.0"
BEL ALTON,20611,MD,38.4749,-76.9785,0.698350191562272,"-76.991296,38.458748,0.0 -77.001892,38.463533,0.0 -76.969761,38.469344,0.0 -76.991296,38.458748,0.0"
BRANDYWINE,20613,MD,38.6741,-76.8037,0.4984193938360806,"-76.674088,38.618035,0.0 -76.750997,38.619061,0.0 -76.740059,38.56061,0.0 -76.95643,38.704174,0.0 -76.857303,38.735279,0.0 -76.822096,38.738355,0.0 -76.701775,38.710326,0.0 -76.692888,38.684348,0.0 -76.686735,38.630341,0.0 -76.672721,38.618035,0.0 -76.674088,38.618035,0.0"
BRYANS ROAD,20616,MD,38.6532,-77.0858,0.5244840611368475,"-77.048038,38.616326,0.0 -77.108198,38.628973,0.0 -77.076067,38.690501,0.0 -77.048038,38.616326,0.0"
BRYANTOWN,20617,MD,38.5407,-76.8536,0.6480891856035458,"-76.814234,38.550355,0.0 -76.901739,38.527453,0.0 -76.852859,38.559584,0.0 -76.814234,38.550355,0.0"
BUSHWOOD,20618,MD,38.2892,-76.7887,0.6108355442962667,"-76.814234,38.30322,0.0 -76.759201,38.296042,0.0 -76.784837,38.259809,0.0 -76.814234,38.30322,0.0"
CALLAWAY,20620,MD,38.2325,-76.5234,0.6495089201192035,"-76.500786,38.237591,0.0 -76.513091,38.210587,0.0 -76.515142,38.211271,0.0 -76.5336,38.252289,0.0 -76.500786,38.237591,0.0"
CHAPTICO,20621,MD,38.334,-76.7907,0.5619834448321048,"-76.759201,38.296042,0.0 -76.814234,38.30322,0.0 -76.803296,38.358595,0.0 -76.756466,38.365431,0.0 -76.739375,38.309373,0.0 -76.759201,38.296042,0.0"
CHARLOTTE HALL,20622,MD,38.4529,-76.8459,0.6963322862829748,"-76.921907,38.385598,0.0 -76.938656,38.415337,0.0 -76.853543,38.4837,0.0 -76.707928,38.5025,0.0 -76.852518,38.455671,0.0 -76.872001,38.389016,0.0 -76.921907,38.385598,0.0"
CHELTENHAM,20623,MD,38.7429,-76.8379,0.38776407745831376,"-76.857303,38.735279,0.0 -76.842605,38.753395,0.0 -76.822096,38.738355,0.0 -76.857303,38.735279,0.0"
CLEMENTS,20624,MD,38.337,-76.7362,0.6712091462986719,"-76.739375,38.309373,0.0 -76.756466,38.365431,0.0 -76.709637,38.355518,0.0 -76.72707,38.312107,0.0 -76.728437,38.295016,0.0 -76.739375,38.309373,0.0"
DAMERON,20628,MD,38.1506,-76.3503,0.57406829730725,"-76.353462,38.121372,0.0 -76.370553,38.154187,0.0 -76.378415,38.166151,0.0 -76.353462,38.178114,0.0 -76.353462,38.121372,0.0"
DRAYDEN,20630,MD,38.1728,-76.4736,0.3313759884199097,"-76.501469,38.165809,0.0 -76.491899,38.198623,0.0 -76.46592,38.206827,0.0 -76.463869,38.127867,0.0 -76.501469,38.165809,0.0"
FAULKNER,20632,MD,38.439,-76.9648,0.7154924158635192,"-76.938656,38.415337,0.0 -76.991296,38.458748,0.0 -76.969761,38.469344,0.0 -76.938656,38.415337,0.0"
GREAT MILLS,20634,MD,38.2428,-76.4948,0.4855088244698178,"-76.46592,38.206827,0.0 -76.491899,38.198623,0.0 -76.513091,38.210587,0.0 -76.500786,38.237591,0.0 -76.482328,38.282369,0.0 -76.478909,38.2205,0.0 -76.46592,38.206827,0.0"
HOLLYWOOD,20636,MD,38.3473,-76.5744,0.26598036984294415,"-76.511724,38.322704,0.0 -76.577011,38.29946,0.0 -76.664859,38.344238,0.0 -76.661783,38.349365,0.0 -76.654604,38.353809,0.0 -76.592051,38.401664,0.0 -76.511724,38.322704,0.0"
HUGHESVILLE,20637,MD,38.5246,-76.7806,0.6048583149617143,"-76.700066,38.498399,0.0 -76.707928,38.5025,0.0 -76.853543,38.4837,0.0 -76.901739,38.527453,0.0 -76.814234,38.550355,0.0 -76.740743,38.559242,0.0 -76.701775,38.54557,0.0 -76.700066,38.498399,0.0"
HUNTINGTOWN,20639,MD,38.609,-76.6045,0.360070177733412,"-76.516851,38.573941,0.0 -76.649819,38.565737,0.0 -76.672721,38.618035,0.0 -76.686735,38.630341,0.0 -76.608459,38.662813,0.0 -76.564022,38.640253,0.0 -76.511382,38.615984,0.0 -76.516851,38.573941,0.0"
INDIAN HEAD,20640,MD,38.5524,-77.1729,0.5645383772348626,"-77.108198,38.628973,0.0 -77.048038,38.616326,0.0 -77.056242,38.596159,0.0 -77.118794,38.590006,0.0 -77.159471,38.491904,0.0 -77.27022,38.492588,0.0 -77.108198,38.628973,0.0</coordinates></LinearRing></outerBoundaryIs><innerBoundaryIs><LinearRing><coordinates>-77.152293,38.544886,0.0 -77.13486,38.596842,0.0 -77.192286,38.564028,0.0 -77.152293,38.544886,0.0"
LA PLATA,20646,MD,38.5217,-77.0022,0.426347137092951,"-77.001892,38.464217,0.0 -77.039834,38.54933,0.0 -77.083245,38.487802,0.0 -77.128365,38.47242,0.0 -77.159471,38.491904,0.0 -77.118794,38.590006,0.0 -77.056242,38.596159,0.0 -77.043936,38.59445,0.0 -77.039834,38.550013,0.0 -76.9807,38.592057,0.0 -76.905499,38.547279,0.0 -76.860379,38.565053,0.0 -76.852859,38.559584,0.0 -76.901739,38.527453,0.0 -76.853543,38.4837,0.0 -76.938656,38.415337,0.0 -76.969761,38.469344,0.0 -77.001892,38.463533,0.0 -77.001892,38.464217,0.0"
LUSBY,20657,MD,38.3847,-76.4414,0.7148256456592276,"-76.449171,38.350391,0.0 -76.470022,38.349024,0.0 -76.481302,38.441657,0.0 -76.455666,38.450544,0.0 -76.380466,38.384915,0.0 -76.421484,38.318944,0.0 -76.449171,38.350391,0.0"
MARBURY,20658,MD,38.5712,-77.16,0.3473659230759527,"-77.152293,38.544886,0.0 -77.192286,38.564028,0.0 -77.13486,38.596842,0.0 -77.152293,38.544886,0.0"
MECHANICSVILLE,20659,MD,38.4188,-76.7346,0.4806518188105813,"-76.709637,38.355518,0.0 -76.756466,38.365431,0.0 -76.803296,38.358595,0.0 -76.872001,38.389016,0.0 -76.852518,38.455671,0.0 -76.707928,38.5025,0.0 -76.700066,38.498399,0.0 -76.592051,38.401664,0.0 -76.654604,38.353809,0.0 -76.709637,38.355518,0.0"
NANJEMOY,20662,MD,38.4332,-77.1962,0.704761147676144,"-77.128365,38.47242,0.0 -77.113325,38.409526,0.0 -77.215871,38.361329,0.0 -77.27022,38.492588,0.0 -77.159471,38.491904,0.0 -77.128365,38.47242,0.0"
NEWBURG,20664,MD,38.3595,-76.9267,0.3115957608593054,"-77.016249,38.445417,0.0 -77.001892,38.464217,0.0 -77.001892,38.463533,0.0 -76.991296,38.458748,0.0 -76.938656,38.415337,0.0 -76.921907,38.385598,0.0 -76.834059,38.272798,0.0 -76.919856,38.291256,0.0 -76.898321,38.307322,0.0 -77.016249,38.445417,0.0"
PATUXENT RIVER,20670,MD,38.2835,-76.4195,0.6854974456821511,"-76.399266,38.263911,0.0 -76.46216,38.296384,0.0 -76.373971,38.299118,0.0 -76.399266,38.263911,0.0"
POMFRET,20675,MD,38.5785,-77.019,0.3657509976926019,"-77.043936,38.59445,0.0 -76.9807,38.592057,0.0 -77.039834,38.550013,0.0 -77.043936,38.59445,0.0"
PORT REPUBLIC,20676,MD,38.4895,-76.5439,0.5778725849616639,"-76.596837,38.478915,0.0 -76.517193,38.537024,0.0 -76.492924,38.483017,0.0 -76.588291,38.454988,0.0 -76.596837,38.478915,0.0"
PORT TOBACCO,20677,MD,38.4971,-77.0407,0.7179446477848083,"-77.040518,38.444733,0.0 -77.083245,38.487802,0.0 -77.039834,38.54933,0.0 -77.001892,38.464217,0.0 -77.016249,38.445417,0.0 -77.040518,38.444733,0.0"
PRINCE FREDERICK,20678,MD,38.5264,-76.5967,0.6911108838091474,"-76.649819,38.565737,0.0 -76.516851,38.573941,0.0 -76.517193,38.537024,0.0 -76.596837,38.478915,0.0 -76.645717,38.467977,0.0 -76.649819,38.565737,0.0"
RIDGE,20680,MD,38.117,-76.3722,0.46530176529542167,"-76.330902,38.093001,0.0 -76.384226,38.090609,0.0 -76.391404,38.138463,0.0 -76.370553,38.154187,0.0 -76.353462,38.121372,0.0 -76.330902,38.093001,0.0"
SAINT INIGOES,20684,MD,38.1454,-76.4085,0.31392903020552065,"-76.409862,38.173329,0.0 -76.378415,38.166151,0.0 -76.370553,38.154187,0.0 -76.391404,38.138463,0.0 -76.422509,38.107016,0.0 -76.409862,38.173329,0.0"
SAINT LEONARD,20685,MD,38.4406,-76.5235,0.6816189319272559,"-76.588291,38.454988,0.0 -76.492924,38.483017,0.0 -76.455666,38.450544,0.0 -76.481302,38.441657,0.0 -76.501469,38.390726,0.0 -76.54112,38.426275,0.0 -76.553084,38.421831,0.0 -76.588291,38.454988,0.0"
SCOTLAND,20687,MD,38.0753,-76.3489,0.7377655061355736,"-76.384226,38.090609,0.0 -76.330902,38.093001,0.0 -76.321673,38.036601,0.0 -76.384226,38.090609,0.0"
SUNDERLAND,20689,MD,38.6617,-76.5856,0.41439849589159394,"-76.608459,38.662813,0.0 -76.564364,38.667599,0.0 -76.564022,38.640253,0.0 -76.608459,38.662813,0.0"
TALL TIMBERS,20690,MD,38.16,-76.5307,0.5270371963250772,"-76.548299,38.176747,0.0 -76.536335,38.177431,0.0 -76.518219,38.165467,0.0 -76.511382,38.151794,0.0 -76.534284,38.146325,0.0 -76.548299,38.176747,0.0"
VALLEY LEE,20692,MD,38.1826,-76.5054,0.6698923712824963,"-76.536335,38.177431,0.0 -76.515142,38.211271,0.0 -76.513091,38.210587,0.0 -76.491899,38.198623,0.0 -76.501469,38.165809,0.0 -76.518219,38.165467,0.0 -76.536335,38.177431,0.0"
WELCOME,20693,MD,38.4552,-77.0888,0.6180481955383546,"-77.128365,38.47242,0.0 -77.083245,38.487802,0.0 -77.040518,38.444733,0.0 -77.113325,38.409526,0.0 -77.128365,38.47242,0.0"
WHITE PLAINS,20695,MD,38.5894,-76.967,0.46077678199367533,"-77.043936,38.59445,0.0 -77.056242,38.596159,0.0 -77.048038,38.616326,0.0 -77.047354,38.617352,0.0 -76.937289,38.598893,0.0 -76.905499,38.547279,0.0 -76.9807,38.592057,0.0 -77.043936,38.59445,0.0"
ANNAPOLIS JUNCTION,20701,MD,39.1272,-76.7872,0.6709917079980076,"-76.778343,39.114356,0.0 -76.816285,39.121534,0.0 -76.812183,39.138625,0.0 -76.778343,39.114356,0.0"
BELTSVILLE,20705,MD,39.0391,-76.8872,0.39977539007871987,"-76.810132,39.007025,0.0 -76.828932,38.998821,0.0 -76.842947,38.992327,0.0 -76.862772,39.003949,0.0 -76.906867,39.023091,0.0 -76.94139,39.029585,0.0 -76.951645,39.045651,0.0 -76.930452,39.074363,0.0 -76.878496,39.066843,0.0 -76.810132,39.007025,0.0"
LANHAM,20706,MD,38.9673,-76.8518,0.4122117508129045,"-76.813208,38.95712,0.0 -76.825514,38.947207,0.0 -76.838845,38.947207,0.0 -76.853543,38.940712,0.0 -76.871659,38.949941,0.0 -76.890118,38.956094,0.0 -76.894219,38.970109,0.0 -76.893536,38.97216,0.0 -76.899005,38.972501,0.0 -76.886016,38.991643,0.0 -76.859354,38.991643,0.0 -76.842947,38.992327,0.0 -76.828932,38.998821,0.0 -76.813208,38.95712,0.0"
LAUREL,20708,MD,39.0484,-76.8273,0.28803623257103883,"-76.878496,39.066843,0.0 -76.835427,39.096923,0.0 -76.831325,39.069236,0.0 -76.788939,39.044967,0.0 -76.807397,39.005316,0.0 -76.810132,39.007025,0.0 -76.878496,39.066843,0.0"
BLADENSBURG,20710,MD,38.9429,-76.9251,0.31466058788547835,"-76.927718,38.936269,0.0 -76.916438,38.951992,0.0 -76.909259,38.95336,0.0 -76.927718,38.936269,0.0"
LOTHIAN,20711,MD,38.8031,-76.6526,0.6575680978123658,"-76.587266,38.788603,0.0 -76.597179,38.785526,0.0 -76.686052,38.748268,0.0 -76.697332,38.844661,0.0 -76.590001,38.829279,0.0 -76.578379,38.817999,0.0 -76.587266,38.788603,0.0"
MOUNT RAINIER,20712,MD,38.9426,-76.9651,0.7039436613882798,"-76.958823,38.931483,0.0 -76.977623,38.946181,0.0 -76.962241,38.953701,0.0 -76.958823,38.931483,0.0"
NORTH BEACH,20714,MD,38.7164,-76.5352,0.26392522709626964,"-76.532233,38.702806,0.0 -76.538386,38.702806,0.0 -76.539753,38.721264,0.0 -76.543171,38.728101,0.0 -76.532233,38.702806,0.0"
BOWIE,20716,MD,38.9273,-76.7148,0.29655089862693707,"-76.735615,38.902428,0.0 -76.750655,38.946523,0.0 -76.750655,38.950625,0.0 -76.693914,38.955752,0.0 -76.672721,38.907556,0.0 -76.735615,38.902428,0.0"
BOWIE,20720,MD,38.9861,-76.7814,0.5155476741966533,"-76.813208,38.95712,0.0 -76.807397,39.005316,0.0 -76.788939,39.044967,0.0 -76.750997,39.035054,0.0 -76.750655,38.950625,0.0 -76.750655,38.946523,0.0 -76.825514,38.947207,0.0 -76.813208,38.95712,0.0"
BOWIE,20721,MD,38.9212,-76.7862,0.34571349417004116,"-76.735615,38.902428,0.0 -76.831667,38.898327,0.0 -76.838845,38.947207,0.0 -76.825514,38.947207,0.0 -76.750655,38.946523,0.0 -76.735615,38.902428,0.0"
BRENTWOOD,20722,MD,38.9353,-76.9493,0.6848116564798281,"-76.95643,38.949258,0.0 -76.941732,38.918152,0.0 -76.942074,38.918494,0.0 -76.958823,38.931483,0.0 -76.962241,38.953701,0.0 -76.95643,38.949258,0.0"
LAUREL,20723,MD,39.1362,-76.8657,0.5605943230417081,"-76.825172,39.134865,0.0 -76.81731,39.120851,0.0 -76.840212,39.103076,0.0 -76.887725,39.131789,0.0 -76.919172,39.131789,0.0 -76.894219,39.155033,0.0 -76.894219,39.177251,0.0 -76.883965,39.168705,0.0 -76.842605,39.147171,0.0 -76.825172,39.134865,0.0"
LAUREL,20724,MD,39.1012,-76.8038,0.39258840093259506,"-76.840212,39.103076,0.0 -76.81731,39.120851,0.0 -76.816285,39.121534,0.0 -76.778343,39.114356,0.0 -76.775266,39.109571,0.0 -76.831325,39.069236,0.0 -76.835427,39.096923,0.0 -76.840212,39.103076,0.0"
CHESAPEAKE BEACH,20732,MD,38.6572,-76.5422,0.35038383804862316,"-76.511382,38.615984,0.0 -76.564022,38.640253,0.0 -76.564364,38.667599,0.0 -76.538386,38.702806,0.0 -76.532233,38.702806,0.0 -76.511382,38.615984,0.0"
CHURCHTON,20733,MD,38.8083,-76.5286,0.3182354410775242,"-76.538728,38.787236,0.0 -76.552401,38.814581,0.0 -76.532575,38.826887,0.0 -76.523688,38.825519,0.0 -76.502837,38.811846,0.0 -76.538728,38.787236,0.0"
CLINTON,20735,MD,38.7482,-76.9076,0.5660681707039386,"-76.985827,38.699388,0.0 -76.923958,38.780399,0.0 -76.897296,38.787577,0.0 -76.864823,38.788261,0.0 -76.842605,38.753395,0.0 -76.857303,38.735279,0.0 -76.95643,38.704174,0.0 -76.981041,38.68845,0.0 -76.985827,38.699388,0.0"
OWINGS,20736,MD,38.6894,-76.6236,0.7161832948802699,"-76.608459,38.662813,0.0 -76.686735,38.630341,0.0 -76.692888,38.684348,0.0 -76.621106,38.748268,0.0 -76.539753,38.721264,0.0 -76.538386,38.702806,0.0 -76.564364,38.667599,0.0 -76.608459,38.662813,0.0"
RIVERDALE,20737,MD,38.9625,-76.9156,0.3594674499680809,"-76.916438,38.951992,0.0 -76.942416,38.965665,0.0 -76.937972,38.97216,0.0 -76.899005,38.972501,0.0 -76.893536,38.97216,0.0 -76.894219,38.970109,0.0 -76.890118,38.956094,0.0 -76.909259,38.95336,0.0 -76.916438,38.951992,0.0"
COLLEGE PARK,20740,MD,38.9981,-76.9257,0.44037910832346816,"-76.899005,38.972501,0.0 -76.937972,38.97216,0.0 -76.955405,38.98549,0.0 -76.94139,39.029585,0.0 -76.906867,39.023091,0.0 -76.886016,38.991643,0.0 -76.899005,38.972501,0.0"
CAPITOL HEIGHTS,20743,MD,38.8829,-76.8924,0.27407374209770363,"-76.91883,38.860385,0.0 -76.94686,38.863803,0.0 -76.942416,38.867221,0.0 -76.94139,38.918152,0.0 -76.923616,38.916101,0.0 -76.846023,38.888756,0.0 -76.852859,38.856967,0.0 -76.91883,38.860385,0.0"
FORT WASHINGTON,20744,MD,38.7542,-76.9835,0.4805136600854695,"-77.026162,38.777665,0.0 -76.96395,38.814581,0.0 -76.923958,38.780399,0.0 -76.985827,38.699388,0.0 -77.003943,38.694944,0.0 -77.026162,38.777665,0.0"
OXON HILL,20745,MD,38.8051,-76.9955,0.43616081225031067,"-77.015565,38.809796,0.0 -76.982751,38.835774,0.0 -76.96395,38.814581,0.0 -77.026162,38.777665,0.0 -77.015565,38.809796,0.0"
SUITLAND,20746,MD,38.8372,-76.9197,0.6227681487831429,"-76.91883,38.860385,0.0 -76.874052,38.830305,0.0 -76.866532,38.829963,0.0 -76.905841,38.80501,0.0 -76.95814,38.854916,0.0 -76.94686,38.863803,0.0 -76.91883,38.860385,0.0"
DISTRICT HEIGHTS,20747,MD,38.8533,-76.8859,0.7215311885908682,"-76.864139,38.843294,0.0 -76.874052,38.830305,0.0 -76.91883,38.860385,0.0 -76.852859,38.856967,0.0 -76.864139,38.843294,0.0"
TEMPLE HILLS,20748,MD,38.8175,-76.9408,0.6214879088707373,"-76.905841,38.80501,0.0 -76.897296,38.787577,0.0 -76.923958,38.780399,0.0 -76.96395,38.814581,0.0 -76.982751,38.835774,0.0 -76.97318,38.843294,0.0 -76.95814,38.854916,0.0 -76.905841,38.80501,0.0"
DUNKIRK,20754,MD,38.7395,-76.6522,0.4988795157287884,"-76.701775,38.710326,0.0 -76.686052,38.748268,0.0 -76.597179,38.785526,0.0 -76.593761,38.752028,0.0 -76.621106,38.748268,0.0 -76.692888,38.684348,0.0 -76.701775,38.710326,0.0"
FORT GEORGE G MEADE,20755,MD,39.0808,-76.7612,0.485591938971237,"-76.831325,39.069236,0.0 -76.775266,39.109571,0.0 -76.73835,39.130422,0.0 -76.721943,39.111622,0.0 -76.750997,39.035054,0.0 -76.788939,39.044967,0.0 -76.831325,39.069236,0.0"
FRIENDSHIP,20758,MD,38.7353,-76.5864,0.6715285547042451,"-76.539753,38.721264,0.0 -76.621106,38.748268,0.0 -76.593761,38.752028,0.0 -76.557186,38.748268,0.0 -76.543171,38.728101,0.0 -76.539753,38.721264,0.0"
FULTON,20759,MD,39.1574,-76.9321,0.4796481165273784,"-76.948569,39.129738,0.0 -76.962925,39.145804,0.0 -76.9431,39.203571,0.0 -76.894219,39.155033,0.0 -76.919172,39.131789,0.0 -76.948569,39.129738,0.0"
ANDREWS AIR FORCE BASE,20762,MD,38.806,-76.8755,0.6267258843016181,"-76.905841,38.80501,0.0 -76.866532,38.829963,0.0 -76.864823,38.788261,0.0 -76.897296,38.787577,0.0 -76.905841,38.80501,0.0"
SAVAGE,20763,MD,39.1349,-76.8166,0.32469753889335595,"-76.81731,39.120851,0.0 -76.825172,39.134865,0.0 -76.812183,39.138625,0.0 -76.816285,39.121534,0.0 -76.81731,39.120851,0.0"
GLENN DALE,20769,MD,38.9806,-76.8082,0.5963676426877244,"-76.828932,38.998821,0.0 -76.810132,39.007025,0.0 -76.807397,39.005316,0.0 -76.813208,38.95712,0.0 -76.828932,38.998821,0.0"
GREENBELT,20770,MD,39.0052,-76.8831,0.47086245296924767,"-76.862772,39.003949,0.0 -76.859354,38.991643,0.0 -76.886016,38.991643,0.0 -76.906867,39.023091,0.0 -76.862772,39.003949,0.0"
GREENBELT,20771,MD,38.9969,-76.8541,0.7383064233527866,"-76.859354,38.991643,0.0 -76.862772,39.003949,0.0 -76.842947,38.992327,0.0 -76.859354,38.991643,0.0"
UPPER MARLBORO,20772,MD,38.7854,-76.769,0.746077901135018,"-76.686052,38.748268,0.0 -76.701775,38.710326,0.0 -76.822096,38.738355,0.0 -76.842605,38.753395,0.0 -76.864823,38.788261,0.0 -76.866532,38.829963,0.0 -76.874052,38.830305,0.0 -76.864139,38.843294,0.0 -76.690837,38.854574,0.0 -76.697332,38.844661,0.0 -76.686052,38.748268,0.0"
UPPER MARLBORO,20774,MD,38.8793,-76.7739,0.5414159737009178,"-76.846023,38.888756,0.0 -76.854227,38.928065,0.0 -76.854227,38.933534,0.0 -76.853543,38.940712,0.0 -76.838845,38.947207,0.0 -76.831667,38.898327,0.0 -76.735615,38.902428,0.0 -76.672721,38.907556,0.0 -76.676139,38.894908,0.0 -76.690837,38.854574,0.0 -76.864139,38.843294,0.0 -76.852859,38.856967,0.0 -76.846023,38.888756,0.0"
HARWOOD,20776,MD,38.8683,-76.6134,0.3363510215922112,"-76.553426,38.84261,0.0 -76.590001,38.829279,0.0 -76.697332,38.844661,0.0 -76.690837,38.854574,0.0 -76.676139,38.894908,0.0 -76.58043,38.91029,0.0 -76.557186,38.88397,0.0 -76.553426,38.84261,0.0"
HIGHLAND,20777,MD,39.1776,-76.9686,0.2984156983114935,"-76.962925,39.145804,0.0 -76.998132,39.167338,0.0 -76.99574,39.181353,0.0 -76.9431,39.203571,0.0 -76.962925,39.145804,0.0"
WEST RIVER,20778,MD,38.8385,-76.5706,0.5083799956560956,"-76.552401,38.814581,0.0 -76.578379,38.817999,0.0 -76.590001,38.829279,0.0 -76.553426,38.84261,0.0 -76.532575,38.826887,0.0 -76.552401,38.814581,0.0"
TRACYS LANDING,20779,MD,38.7675,-76.5795,0.31587260350386914,"-76.557186,38.748268,0.0 -76.593761,38.752028,0.0 -76.597179,38.785526,0.0 -76.587266,38.788603,0.0 -76.564022,38.778006,0.0 -76.557186,38.748268,0.0"
HYATTSVILLE,20781,MD,38.9427,-76.9357,0.5316092499282695,"-76.94139,38.918152,0.0 -76.941732,38.918152,0.0 -76.95643,38.949258,0.0 -76.942416,38.965665,0.0 -76.916438,38.951992,0.0 -76.927718,38.936269,0.0 -76.920198,38.933192,0.0 -76.923616,38.916101,0.0 -76.94139,38.918152,0.0"
HYATTSVILLE,20784,MD,38.9515,-76.8897,0.4999565263242266,"-76.927718,38.936269,0.0 -76.909259,38.95336,0.0 -76.890118,38.956094,0.0 -76.871659,38.949941,0.0 -76.920198,38.933192,0.0 -76.927718,38.936269,0.0"
HYATTSVILLE,20785,MD,38.9183,-76.8818,0.28982892670362337,"-76.920198,38.933192,0.0 -76.871659,38.949941,0.0 -76.853543,38.940712,0.0 -76.854227,38.933534,0.0 -76.854227,38.928065,0.0 -76.846023,38.888756,0.0 -76.923616,38.916101,0.0 -76.920198,38.933192,0.0"
JESSUP,20794,MD,39.1488,-76.7854,0.49547058432069746,"-76.812183,39.138625,0.0 -76.825172,39.134865,0.0 -76.842605,39.147171,0.0 -76.790648,39.177593,0.0 -76.767063,39.162553,0.0 -76.73835,39.130422,0.0 -76.775266,39.109571,0.0 -76.778343,39.114356,0.0 -76.812183,39.138625,0.0"
GLEN ECHO,20812,MD,38.9682,-77.1427,0.5030109488667577,"-77.143064,38.971476,0.0 -77.141355,38.965323,0.0 -77.148191,38.968741,0.0 -77.148533,38.972843,0.0 -77.143064,38.971476,0.0"
CHEVY CHASE,20815,MD,38.9834,-77.0787,0.37418130004238437,"-77.109907,38.969083,0.0 -77.105805,38.976945,0.0 -77.079143,39.007025,0.0 -77.06342,39.011811,0.0 -77.046329,38.99096,0.0 -77.052482,38.986516,0.0 -77.090423,38.95712,0.0 -77.091107,38.956436,0.0 -77.109907,38.969083,0.0"
BETHESDA,20816,MD,38.9569,-77.1171,0.6775038096602408,"-77.091107,38.956436,0.0 -77.119478,38.934901,0.0 -77.141355,38.965323,0.0 -77.143064,38.971476,0.0 -77.109907,38.969083,0.0 -77.091107,38.956436,0.0"
BETHESDA,20817,MD,38.9966,-77.1498,0.4252517982921178,"-77.109907,38.969083,0.0 -77.143064,38.971476,0.0 -77.148533,38.972843,0.0 -77.179296,38.969767,0.0 -77.196387,38.969767,0.0 -77.16118,39.023432,0.0 -77.126314,39.030611,0.0 -77.105805,38.976945,0.0 -77.109907,38.969083,0.0"
CABIN JOHN,20818,MD,38.9742,-77.1624,0.25020787469841976,"-77.179296,38.969767,0.0 -77.148533,38.972843,0.0 -77.148191,38.968741,0.0 -77.179296,38.969767,0.0"
OLNEY,20832,MD,39.1514,-77.0724,0.7360508175156512,"-77.072991,39.123927,0.0 -77.102387,39.151273,0.0 -77.105805,39.181011,0.0 -77.041885,39.166996,0.0 -77.043936,39.128713,0.0 -77.072991,39.123927,0.0"
BROOKEVILLE,20833,MD,39.2149,-77.0613,0.6436839784609444,"-76.998132,39.167338,0.0 -77.015223,39.166313,0.0 -77.041885,39.166996,0.0 -77.105805,39.181011,0.0 -77.110591,39.183062,0.0 -77.070256,39.226131,0.0 -77.114693,39.26544,0.0 -77.055558,39.266466,0.0 -77.045645,39.255527,0.0 -77.040518,39.235018,0.0 -77.011463,39.207673,0.0 -77.005311,39.192975,0.0 -76.99574,39.181353,0.0 -76.998132,39.167338,0.0"
POOLESVILLE,20837,MD,39.113,-77.3999,0.5722631092001833,"-77.335166,39.128029,0.0 -77.326279,39.075047,0.0 -77.341319,39.068211,0.0 -77.502315,39.117774,0.0 -77.452068,39.158793,0.0 -77.402162,39.17144,0.0 -77.376526,39.157425,0.0 -77.335166,39.128029,0.0"
BARNESVILLE,20838,MD,39.2327,-77.3508,0.5852934499135274,"-77.326279,39.242196,0.0 -77.3755,39.220662,0.0 -77.349864,39.246982,0.0 -77.326279,39.242196,0.0"
BEALLSVILLE,20839,MD,39.1795,-77.4218,0.6506217075914287,"-77.452068,39.158793,0.0 -77.424039,39.215193,0.0 -77.402162,39.17144,0.0 -77.452068,39.158793,0.0"
BOYDS,20841,MD,39.1888,-77.3281,0.7025806770135714,"-77.376526,39.157425,0.0 -77.3755,39.220662,0.0 -77.326279,39.242196,0.0 -77.259624,39.221346,0.0 -77.267828,39.201862,0.0 -77.335166,39.128029,0.0 -77.376526,39.157425,0.0"
DICKERSON,20842,MD,39.2049,-77.4332,0.4276102616181522,"-77.376526,39.157425,0.0 -77.402162,39.17144,0.0 -77.424039,39.215193,0.0 -77.452068,39.158793,0.0 -77.502315,39.117774,0.0 -77.475653,39.243564,0.0 -77.470526,39.256895,0.0 -77.36046,39.287658,0.0 -77.356359,39.283898,0.0 -77.313631,39.286633,0.0 -77.349864,39.246982,0.0 -77.3755,39.220662,0.0 -77.376526,39.157425,0.0"
ROCKVILLE,20850,MD,39.09,-77.181,0.3913018085598572,"-77.246293,39.071629,0.0 -77.187842,39.110938,0.0 -77.183398,39.117433,0.0 -77.124947,39.101709,0.0 -77.122554,39.092822,0.0 -77.142038,39.080858,0.0 -77.158104,39.067185,0.0 -77.246293,39.071629,0.0"
ROCKVILLE,20851,MD,39.0783,-77.122,0.7121603272335104,"-77.107856,39.071287,0.0 -77.142038,39.080858,0.0 -77.122554,39.092822,0.0 -77.107856,39.071287,0.0"
ROCKVILLE,20852,MD,39.0512,-77.1262,0.350428985892561,"-77.16118,39.023432,0.0 -77.158104,39.067185,0.0 -77.142038,39.080858,0.0 -77.107856,39.071287,0.0 -77.091791,39.061374,0.0 -77.088714,39.039498,0.0 -77.095893,39.028901,0.0 -77.126314,39.030611,0.0 -77.16118,39.023432,0.0"
POTOMAC,20854,MD,39.0361,-77.2202,0.7278985233678908,"-77.16118,39.023432,0.0 -77.196387,38.969767,0.0 -77.341319,39.068211,0.0 -77.326279,39.075047,0.0 -77.292097,39.076072,0.0 -77.246293,39.071629,0.0 -77.158104,39.067185,0.0 -77.16118,39.023432,0.0"
DERWOOD,20855,MD,39.1355,-77.1334,0.6686363536399084,"-77.183398,39.117433,0.0 -77.143747,39.154691,0.0 -77.135202,39.179302,0.0 -77.110591,39.183062,0.0 -77.105805,39.181011,0.0 -77.102387,39.151273,0.0 -77.124947,39.101709,0.0 -77.183398,39.117433,0.0"
SANDY SPRING,20860,MD,39.1497,-77.0291,0.4267106247542135,"-77.015907,39.138625,0.0 -77.027529,39.125294,0.0 -77.043936,39.128713,0.0 -77.041885,39.166996,0.0 -77.015223,39.166313,0.0 -77.015907,39.138625,0.0"
ASHTON,20861,MD,39.1523,-76.9936,0.2804394242940865,"-77.015223,39.166313,0.0 -76.998132,39.167338,0.0 -76.962925,39.145804,0.0 -77.015907,39.138625,0.0 -77.015223,39.166313,0.0"
BURTONSVILLE,20866,MD,39.1101,-76.9325,0.46158519882257043,"-76.950961,39.084276,0.0 -76.962241,39.116065,0.0 -76.949252,39.128713,0.0 -76.948569,39.129738,0.0 -76.919172,39.131789,0.0 -76.887725,39.131789,0.0 -76.930452,39.074363,0.0 -76.950961,39.084276,0.0"
CLARKSBURG,20871,MD,39.2613,-77.2844,0.3662216852037059,"-77.349864,39.246982,0.0 -77.313631,39.286633,0.0 -77.269195,39.307484,0.0 -77.229544,39.253477,0.0 -77.259624,39.221346,0.0 -77.326279,39.242196,0.0 -77.349864,39.246982,0.0"
DAMASCUS,20872,MD,39.2925,-77.2182,0.3973998262296481,"-77.269195,39.307484,0.0 -77.263042,39.310218,0.0 -77.21758,39.331411,0.0 -77.173485,39.281847,0.0 -77.209376,39.23912,0.0 -77.229544,39.253477,0.0 -77.269195,39.307484,0.0"
GERMANTOWN,20876,MD,39.2065,-77.2333,0.5825691499306508,"-77.215187,39.188189,0.0 -77.221682,39.17896,0.0 -77.239115,39.164945,0.0 -77.267828,39.201862,0.0 -77.259624,39.221346,0.0 -77.229544,39.253477,0.0 -77.209376,39.23912,0.0 -77.203907,39.201178,0.0 -77.215187,39.188189,0.0"
GAITHERSBURG,20877,MD,39.1416,-77.1863,0.6779902975852521,"-77.183398,39.117433,0.0 -77.187842,39.110938,0.0 -77.216896,39.14888,0.0 -77.207326,39.155716,0.0 -77.191944,39.165287,0.0 -77.143747,39.154691,0.0 -77.183398,39.117433,0.0"
GAITHERSBURG,20879.2,MD,39.17,-77.1755,0.447886672326821,"-77.199806,39.19776,0.0 -77.215187,39.188189,0.0 -77.203907,39.201178,0.0 -77.199806,39.19776,0.0"
GAITHERSBURG,20879.1,MD,39.17,-77.1755,0.4337651444941628,"-77.143747,39.154691,0.0 -77.191944,39.165287,0.0 -77.150925,39.18648,0.0 -77.135202,39.179302,0.0 -77.143747,39.154691,0.0"
GAITHERSBURG,20879,MD,39.17,-77.1755,0.2711091275274009,"-77.232278,39.160844,0.0 -77.239115,39.164945,0.0 -77.221682,39.17896,0.0 -77.207326,39.155716,0.0 -77.216896,39.14888,0.0 -77.232278,39.160844,0.0"
GAITHERSBURG,20882,MD,39.2328,-77.1484,0.594131936377764,"-77.150925,39.18648,0.0 -77.163573,39.193658,0.0 -77.167333,39.190924,0.0 -77.199806,39.19776,0.0 -77.203907,39.201178,0.0 -77.209376,39.23912,0.0 -77.173485,39.281847,0.0 -77.140329,39.285266,0.0 -77.114693,39.26544,0.0 -77.070256,39.226131,0.0 -77.110591,39.183062,0.0 -77.135202,39.179302,0.0 -77.150925,39.18648,0.0"
MONTGOMERY VILLAGE,20886,MD,39.18,-77.1944,0.6026410940226858,"-77.191944,39.165287,0.0 -77.207326,39.155716,0.0 -77.221682,39.17896,0.0 -77.215187,39.188189,0.0 -77.199806,39.19776,0.0 -77.167333,39.190924,0.0 -77.163573,39.193658,0.0 -77.150925,39.18648,0.0 -77.191944,39.165287,0.0"
KENSINGTON,20895,MD,39.0282,-77.0788,0.39591359924589187,"-77.060002,39.024458,0.0 -77.06342,39.011811,0.0 -77.079143,39.007025,0.0 -77.095893,39.028901,0.0 -77.088714,39.039498,0.0 -77.083245,39.043258,0.0 -77.060002,39.024458,0.0"
SILVER SPRING,20901,MD,39.0213,-77.0087,0.28566335899849027,"-76.995398,38.999505,0.0 -77.006336,38.995745,0.0 -77.032998,39.016254,0.0 -77.010096,39.054538,0.0 -76.989245,39.036763,0.0 -76.995398,38.999505,0.0"
SILVER SPRING,20903,MD,39.0184,-76.9835,0.6049549854120477,"-76.989929,38.991301,0.0 -76.995398,38.999505,0.0 -76.989245,39.036763,0.0 -76.965318,39.027192,0.0 -76.989929,38.991301,0.0"
SILVER SPRING,20904,MD,39.0645,-76.9796,0.39964967840988075,"-77.010096,39.054538,0.0 -77.029238,39.066502,0.0 -77.024111,39.082225,0.0 -76.950961,39.084276,0.0 -76.930452,39.074363,0.0 -76.951645,39.045651,0.0 -76.965318,39.027192,0.0 -76.989245,39.036763,0.0 -77.010096,39.054538,0.0"
SILVER SPRING,20905,MD,39.1125,-76.9926,0.40960061100505807,"-76.950961,39.084276,0.0 -77.024111,39.082225,0.0 -77.027529,39.125294,0.0 -77.015907,39.138625,0.0 -76.962925,39.145804,0.0 -76.948569,39.129738,0.0 -76.949252,39.128713,0.0 -76.962241,39.116065,0.0 -76.950961,39.084276,0.0"
SILVER SPRING,20906,MD,39.0878,-77.0563,0.6756241882885998,"-77.083245,39.043258,0.0 -77.088714,39.039498,0.0 -77.091791,39.061374,0.0 -77.072991,39.123927,0.0 -77.043936,39.128713,0.0 -77.027529,39.125294,0.0 -77.024111,39.082225,0.0 -77.029238,39.066502,0.0 -77.083245,39.043258,0.0"
SILVER SPRING,20910,MD,39.0017,-77.0363,0.5365956735391222,"-77.06342,39.011811,0.0 -77.060002,39.024458,0.0 -77.032998,39.016254,0.0 -77.006336,38.995745,0.0 -77.026503,38.984807,0.0 -77.046329,38.99096,0.0 -77.06342,39.011811,0.0"
TAKOMA PARK,20912,MD,38.982,-77.0003,0.6402510685871429,"-77.002576,38.965665,0.0 -77.004627,38.967374,0.0 -77.026503,38.984807,0.0 -77.006336,38.995745,0.0 -76.995398,38.999505,0.0 -76.989929,38.991301,0.0 -77.002576,38.965665,0.0"
ABERDEEN,21001,MD,39.5117,-76.2001,0.3121834437462233,"-76.219127,39.476342,0.0 -76.246814,39.48147,0.0 -76.257069,39.525223,0.0 -76.195542,39.56419,0.0 -76.137432,39.523513,0.0 -76.224254,39.426437,0.0 -76.219127,39.476342,0.0"
ABERDEEN PROVING GROUND,21005,MD,39.4366,-76.1627,0.6388037015701031,"-76.224254,39.426437,0.0 -76.137432,39.523513,0.0 -76.130596,39.512917,0.0 -76.072145,39.440451,0.0 -76.179476,39.379608,0.0 -76.227331,39.413448,0.0 -76.187338,39.375848,0.0 -76.22904,39.350211,0.0 -76.224254,39.426437,0.0"
ABINGDON,21009,MD,39.4707,-76.2956,0.3800296925545492,"-76.249549,39.450706,0.0 -76.320989,39.451048,0.0 -76.344233,39.486597,0.0 -76.260829,39.476342,0.0 -76.250233,39.461986,0.0 -76.249549,39.450706,0.0"
GUNPOWDER,21010,MD,39.3741,-76.2878,0.6866321150074886,"-76.344233,39.391913,0.0 -76.319964,39.40456,0.0 -76.247498,39.435324,0.0 -76.282022,39.300648,0.0 -76.344233,39.391913,0.0"
ARNOLD,21012,MD,39.0443,-76.4971,0.3047279584690439,"-76.534626,39.046334,0.0 -76.52403,39.062742,0.0 -76.465578,39.0436,0.0 -76.507622,39.020356,0.0 -76.534626,39.046334,0.0"
BALDWIN,21013,MD,39.5112,-76.49,0.6089326972691349,"-76.4208,39.478393,0.0 -76.430371,39.47771,0.0 -76.448829,39.476001,0.0 -76.457033,39.489673,0.0 -76.52232,39.488306,0.0 -76.5336,39.490015,0.0 -76.52232,39.536503,0.0 -76.529157,39.543681,0.0 -76.4208,39.478393,0.0"
BEL AIR,21014,MD,39.5364,-76.351,0.6140083129157899,"-76.345258,39.578546,0.0 -76.310393,39.514626,0.0 -76.352095,39.498903,0.0 -76.373287,39.511892,0.0 -76.39448,39.536503,0.0 -76.345258,39.578546,0.0"
BEL AIR,21015,MD,39.5486,-76.2954,0.5245196208711418,"-76.246814,39.48147,0.0 -76.260829,39.476342,0.0 -76.344233,39.486597,0.0 -76.352095,39.498903,0.0 -76.310393,39.514626,0.0 -76.345258,39.578546,0.0 -76.319622,39.614437,0.0 -76.259804,39.601448,0.0 -76.25912,39.592903,0.0 -76.257069,39.525223,0.0 -76.246814,39.48147,0.0"
BELCAMP,21017,MD,39.4764,-76.2368,0.4200894111925938,"-76.250233,39.461986,0.0 -76.260829,39.476342,0.0 -76.246814,39.48147,0.0 -76.219127,39.476342,0.0 -76.250233,39.461986,0.0"
CHURCHVILLE,21028,MD,39.565,-76.2402,0.47403102922298057,"-76.25912,39.592903,0.0 -76.224254,39.604183,0.0 -76.195542,39.56419,0.0 -76.257069,39.525223,0.0 -76.25912,39.592903,0.0"
COCKEYSVILLE,21030,MD,39.4898,-76.6599,0.6333496974459684,"-76.70827,39.463353,0.0 -76.708612,39.495826,0.0 -76.72707,39.533426,0.0 -76.624182,39.52283,0.0 -76.580771,39.46267,0.0 -76.70827,39.463353,0.0"
DARLINGTON,21034,MD,39.6495,-76.2203,0.7008256073983989,"-76.259804,39.601448,0.0 -76.280654,39.680067,0.0 -76.224938,39.70331,0.0 -76.163411,39.651012,0.0 -76.144269,39.617514,0.0 -76.224254,39.604183,0.0 -76.25912,39.592903,0.0 -76.259804,39.601448,0.0"
DAVIDSONVILLE,21035,MD,38.9359,-76.6378,0.6684906401224973,"-76.587608,38.934901,0.0 -76.58043,38.91029,0.0 -76.676139,38.894908,0.0 -76.672721,38.907556,0.0 -76.693914,38.955752,0.0 -76.701775,38.973869,0.0 -76.624866,38.988567,0.0 -76.608801,38.986174,0.0 -76.604699,38.981047,0.0 -76.596153,38.958145,0.0 -76.582481,38.937978,0.0 -76.587608,38.934901,0.0"
DAYTON,21036,MD,39.2357,-77.003,0.26016111906310124,"-77.011463,39.207673,0.0 -77.040518,39.235018,0.0 -76.984801,39.264073,0.0 -76.976598,39.242196,0.0 -77.011463,39.207673,0.0"
EDGEWATER,21037,MD,38.916,-76.5439,0.2633472997543105,"-76.58043,38.91029,0.0 -76.587608,38.934901,0.0 -76.489848,38.886705,0.0 -76.557186,38.88397,0.0 -76.58043,38.91029,0.0"
EDGEWOOD,21040,MD,39.4337,-76.2956,0.33772402901885834,"-76.319964,39.40456,0.0 -76.320989,39.451048,0.0 -76.249549,39.450706,0.0 -76.247498,39.435324,0.0 -76.319964,39.40456,0.0"
ELLICOTT CITY,21042,MD,39.2712,-76.8917,0.33252469803314333,"-76.837136,39.240146,0.0 -76.837477,39.239804,0.0 -76.915412,39.230575,0.0 -76.976598,39.242196,0.0 -76.984801,39.264073,0.0 -76.935921,39.3068,0.0 -76.899347,39.304066,0.0 -76.822779,39.318764,0.0 -76.814917,39.311928,0.0 -76.837136,39.240146,0.0"
COLUMBIA,21044,MD,39.2101,-76.8833,0.3710603266410215,"-76.859012,39.202887,0.0 -76.883965,39.168705,0.0 -76.894219,39.177251,0.0 -76.915412,39.230575,0.0 -76.837477,39.239804,0.0 -76.859012,39.202887,0.0"
COLUMBIA,21045,MD,39.2062,-76.827,0.5670168832101264,"-76.794408,39.197076,0.0 -76.797485,39.183745,0.0 -76.859012,39.202887,0.0 -76.837477,39.239804,0.0 -76.837136,39.240146,0.0 -76.794408,39.197076,0.0"
COLUMBIA,21046,MD,39.1733,-76.8422,0.3318229744702621,"-76.842605,39.147171,0.0 -76.883965,39.168705,0.0 -76.859012,39.202887,0.0 -76.797485,39.183745,0.0 -76.790648,39.177593,0.0 -76.842605,39.147171,0.0"
FALLSTON,21047,MD,39.5303,-76.4437,0.5796040369883819,"-76.373287,39.511892,0.0 -76.387644,39.483179,0.0 -76.4208,39.478393,0.0 -76.529157,39.543681,0.0 -76.508648,39.590168,0.0 -76.476517,39.565557,0.0 -76.39448,39.536503,0.0 -76.373287,39.511892,0.0"
FINKSBURG,21048,MD,39.501,-76.9107,0.7132108253741855,"-76.875078,39.521121,0.0 -76.887383,39.440451,0.0 -76.93934,39.468139,0.0 -76.892852,39.558037,0.0 -76.872685,39.554277,0.0 -76.875078,39.521121,0.0"
FOREST HILL,21050,MD,39.5848,-76.392,0.4871337541941284,"-76.39448,39.536503,0.0 -76.476517,39.565557,0.0 -76.398582,39.617514,0.0 -76.319622,39.614437,0.0 -76.345258,39.578546,0.0 -76.39448,39.536503,0.0"
FREELAND,21053,MD,39.6935,-76.7187,0.6839364979684724,"-76.657681,39.721085,0.0 -76.751339,39.659899,0.0 -76.775266,39.720743,0.0 -76.757834,39.720743,0.0 -76.657681,39.721085,0.0"
GAMBRILLS,21054,MD,39.0231,-76.6678,0.5616008785919957,"-76.705535,38.988909,0.0 -76.685026,39.029927,0.0 -76.685368,39.087694,0.0 -76.655288,39.08496,0.0 -76.649819,39.040523,0.0 -76.624866,38.988567,0.0 -76.701775,38.973869,0.0 -76.705535,38.988909,0.0"
GLEN ARM,21057,MD,39.4466,-76.5043,0.45813596978724236,"-76.461135,39.435666,0.0 -76.475833,39.420968,0.0 -76.498393,39.41379,0.0 -76.537702,39.422335,0.0 -76.554451,39.447971,0.0 -76.5336,39.490015,0.0 -76.52232,39.488306,0.0 -76.456349,39.460619,0.0 -76.461135,39.435666,0.0"
GLEN BURNIE,21060,MD,39.1694,-76.5845,0.606225766379078,"-76.559921,39.143753,0.0 -76.598888,39.136233,0.0 -76.61427,39.206306,0.0 -76.590001,39.212116,0.0 -76.577695,39.200495,0.0 -76.598888,39.154349,0.0 -76.570175,39.191265,0.0 -76.547615,39.16392,0.0 -76.559921,39.143753,0.0"
GLEN BURNIE,21061,MD,39.1612,-76.6326,0.4891435708116416,"-76.598888,39.136233,0.0 -76.59923,39.132131,0.0 -76.642299,39.12632,0.0 -76.684343,39.153665,0.0 -76.673404,39.162211,0.0 -76.653921,39.19024,0.0 -76.641615,39.205964,0.0 -76.61427,39.206306,0.0 -76.598888,39.136233,0.0"
GLYNDON,21071,MD,39.505,-76.7495,0.5756386523340641,"-76.708612,39.495826,0.0 -76.793725,39.48523,0.0 -76.728095,39.535477,0.0 -76.72707,39.533426,0.0 -76.708612,39.495826,0.0"
HAMPSTEAD,21074,MD,39.6154,-76.8507,0.4830346071766891,"-76.892852,39.558037,0.0 -76.895587,39.652037,0.0 -76.778343,39.641783,0.0 -76.790306,39.615463,0.0 -76.872685,39.554277,0.0 -76.892852,39.558037,0.0"
HANOVER,21076.1,MD,39.1703,-76.7218,0.38301459998395615,"-76.767063,39.162553,0.0 -76.697674,39.213826,0.0 -76.693914,39.218953,0.0 -76.692546,39.183404,0.0 -76.693914,39.178276,0.0 -76.697332,39.147513,0.0 -76.73835,39.130422,0.0 -76.767063,39.162553,0.0"
HANOVER,21076,MD,39.1703,-76.7218,0.4825382067115933,"-76.696648,39.158451,0.0 -76.673404,39.162211,0.0 -76.684343,39.153665,0.0 -76.696648,39.158451,0.0"
HARMANS,21077,MD,39.1587,-76.6996,0.37972785755917227,"-76.693914,39.178276,0.0 -76.697332,39.158451,0.0 -76.697332,39.147513,0.0 -76.693914,39.178276,0.0"
HAVRE DE GRACE,21078,MD,39.5707,-76.1452,0.3230442575068059,"-76.195542,39.56419,0.0 -76.224254,39.604183,0.0 -76.144269,39.617514,0.0 -76.105985,39.580597,0.0 -76.075905,39.543339,0.0 -76.130596,39.512917,0.0 -76.137432,39.523513,0.0 -76.195542,39.56419,0.0"
HYDES,21082,MD,39.4776,-76.4817,0.3649401536330029,"-76.430371,39.47771,0.0 -76.456349,39.460619,0.0 -76.52232,39.488306,0.0 -76.457033,39.489673,0.0 -76.448829,39.476001,0.0 -76.430371,39.47771,0.0"
JOPPA,21085,MD,39.4493,-76.3553,0.44669599703548846,"-76.319964,39.40456,0.0 -76.344233,39.391913,0.0 -76.366109,39.404219,0.0 -76.393455,39.411739,0.0 -76.377731,39.424386,0.0 -76.382175,39.449339,0.0 -76.387644,39.483179,0.0 -76.373287,39.511892,0.0 -76.352095,39.498903,0.0 -76.344233,39.486597,0.0 -76.320989,39.451048,0.0 -76.319964,39.40456,0.0"
KINGSVILLE,21087,MD,39.4479,-76.4174,0.5914356920915499,"-76.40952,39.415841,0.0 -76.461135,39.435666,0.0 -76.456349,39.460619,0.0 -76.430371,39.47771,0.0 -76.4208,39.478393,0.0 -76.387644,39.483179,0.0 -76.382175,39.449339,0.0 -76.377731,39.424386,0.0 -76.393455,39.411739,0.0 -76.40952,39.415841,0.0"
LINTHICUM HEIGHTS,21090,MD,39.2084,-76.6686,0.649561940899041,"-76.693914,39.218953,0.0 -76.639906,39.224422,0.0 -76.641615,39.205964,0.0 -76.653921,39.19024,0.0 -76.692546,39.183404,0.0 -76.693914,39.218953,0.0"
LUTHERVILLE TIMONIUM,21093,MD,39.4379,-76.6467,0.661509669716669,"-76.557186,39.448313,0.0 -76.600255,39.413106,0.0 -76.667252,39.400117,0.0 -76.71579,39.416524,0.0 -76.713739,39.461302,0.0 -76.70827,39.463353,0.0 -76.580771,39.46267,0.0 -76.557186,39.448313,0.0"
MANCHESTER,21102,MD,39.6875,-76.8495,0.5393551352874071,"-76.895587,39.652037,0.0 -76.932161,39.67323,0.0 -76.957798,39.720401,0.0 -76.915754,39.720743,0.0 -76.866532,39.720401,0.0 -76.775266,39.720743,0.0 -76.751339,39.659899,0.0 -76.778343,39.641783,0.0 -76.895587,39.652037,0.0"
MARRIOTTSVILLE,21104,MD,39.3509,-76.9086,0.6366722741654606,"-76.935921,39.3068,0.0 -76.95267,39.308851,0.0 -76.885674,39.396699,0.0 -76.883623,39.396699,0.0 -76.863456,39.395673,0.0 -76.868241,39.369353,0.0 -76.899347,39.304066,0.0 -76.935921,39.3068,0.0"
MILLERSVILLE,21108,MD,39.0913,-76.622,0.7360371130554556,"-76.607092,39.075389,0.0 -76.649819,39.040523,0.0 -76.655288,39.08496,0.0 -76.642299,39.12632,0.0 -76.59923,39.132131,0.0 -76.570859,39.099658,0.0 -76.612219,39.084276,0.0 -76.607092,39.075389,0.0"
MONKTON,21111,MD,39.5792,-76.5844,0.3456203575272381,"-76.52232,39.536503,0.0 -76.616662,39.53411,0.0 -76.677164,39.577179,0.0 -76.65939,39.614779,0.0 -76.516168,39.613412,0.0 -76.508648,39.590168,0.0 -76.529157,39.543681,0.0 -76.52232,39.536503,0.0"
ODENTON,21113,MD,39.0518,-76.7141,0.4602969030342182,"-76.685026,39.029927,0.0 -76.706219,38.990276,0.0 -76.750997,39.035054,0.0 -76.721943,39.111622,0.0 -76.685368,39.087694,0.0 -76.685026,39.029927,0.0"
CROFTON,21114,MD,39.0093,-76.6843,0.7422548462543742,"-76.705535,38.988909,0.0 -76.706219,38.990276,0.0 -76.685026,39.029927,0.0 -76.705535,38.988909,0.0"
PARKTON,21120,MD,39.6472,-76.6805,0.2659249250751654,"-76.746212,39.592903,0.0 -76.790306,39.615463,0.0 -76.778343,39.641783,0.0 -76.751339,39.659899,0.0 -76.657681,39.721085,0.0 -76.610168,39.721427,0.0 -76.569491,39.721085,0.0 -76.65939,39.614779,0.0 -76.677164,39.577179,0.0 -76.746212,39.592903,0.0"
PASADENA,21122,MD,39.1222,-76.5059,0.5451199310823013,"-76.423193,39.086327,0.0 -76.42456,39.087011,0.0 -76.532575,39.102393,0.0 -76.570859,39.099658,0.0 -76.59923,39.132131,0.0 -76.598888,39.136233,0.0 -76.559921,39.143753,0.0 -76.476859,39.166313,0.0 -76.423193,39.086327,0.0"
PERRY HALL,21128,MD,39.4052,-76.4457,0.40309434314608006,"-76.40952,39.415841,0.0 -76.433789,39.375164,0.0 -76.449171,39.379608,0.0 -76.475833,39.420968,0.0 -76.461135,39.435666,0.0 -76.40952,39.415841,0.0"
PHOENIX,21131,MD,39.5024,-76.5706,0.33250023057039213,"-76.580771,39.46267,0.0 -76.624182,39.52283,0.0 -76.616662,39.53411,0.0 -76.52232,39.536503,0.0 -76.5336,39.490015,0.0 -76.554451,39.447971,0.0 -76.557186,39.448313,0.0 -76.580771,39.46267,0.0"
PYLESVILLE,21132,MD,39.6957,-76.4274,0.6870410681813673,"-76.493266,39.680408,0.0 -76.505229,39.721427,0.0 -76.491899,39.721427,0.0 -76.414647,39.721427,0.0 -76.33056,39.684852,0.0 -76.493266,39.680408,0.0"
RANDALLSTOWN,21133,MD,39.3766,-76.8142,0.4141665508566251,"-76.765354,39.367644,0.0 -76.815943,39.345768,0.0 -76.868241,39.369353,0.0 -76.863456,39.395673,0.0 -76.77971,39.38952,0.0 -76.765354,39.367644,0.0"
SEVERN,21144,MD,39.1223,-76.6788,0.28926156305802886,"-76.721943,39.111622,0.0 -76.73835,39.130422,0.0 -76.697332,39.147513,0.0 -76.697332,39.158451,0.0 -76.696648,39.158451,0.0 -76.684343,39.153665,0.0 -76.642299,39.12632,0.0 -76.655288,39.08496,0.0 -76.685368,39.087694,0.0 -76.721943,39.111622,0.0"
SEVERNA PARK,21146,MD,39.081,-76.5578,0.5150997565783648,"-76.612219,39.084276,0.0 -76.570859,39.099658,0.0 -76.532575,39.102393,0.0 -76.52403,39.062742,0.0 -76.534626,39.046334,0.0 -76.612219,39.084276,0.0"
SPARKS GLENCOE,21152,MD,39.5495,-76.6817,0.3064045064047326,"-76.728095,39.535477,0.0 -76.747921,39.562481,0.0 -76.746212,39.592903,0.0 -76.677164,39.577179,0.0 -76.616662,39.53411,0.0 -76.624182,39.52283,0.0 -76.72707,39.533426,0.0 -76.728095,39.535477,0.0"
UPPERCO,21155,MD,39.5718,-76.8033,0.6434097566443712,"-76.872685,39.554277,0.0 -76.790306,39.615463,0.0 -76.746212,39.592903,0.0 -76.747921,39.562481,0.0 -76.875078,39.521121,0.0 -76.872685,39.554277,0.0"
WESTMINSTER,21157,MD,39.5502,-76.9805,0.4453271803360672,"-77.070598,39.439426,0.0 -77.087005,39.457884,0.0 -77.03334,39.558037,0.0 -76.932161,39.67323,0.0 -76.895587,39.652037,0.0 -76.892852,39.558037,0.0 -76.93934,39.468139,0.0 -77.054532,39.436691,0.0 -77.070598,39.439426,0.0"
WESTMINSTER,21158,MD,39.6443,-77.036,0.4847589314731561,"-77.102387,39.569659,0.0 -77.109565,39.626401,0.0 -77.066838,39.720059,0.0 -77.018642,39.720059,0.0 -76.957798,39.720401,0.0 -76.932161,39.67323,0.0 -77.03334,39.558037,0.0 -77.102387,39.569659,0.0"
WHITEFORD,21160,MD,39.7072,-76.3101,0.6548021638071084,"-76.280654,39.680067,0.0 -76.33056,39.684852,0.0 -76.414647,39.721427,0.0 -76.396189,39.721427,0.0 -76.241687,39.721427,0.0 -76.233142,39.721427,0.0 -76.224938,39.70331,0.0 -76.280654,39.680067,0.0"
WHITE HALL,21161,MD,39.6611,-76.5657,0.5215237611977898,"-76.569491,39.721085,0.0 -76.543513,39.721427,0.0 -76.505229,39.721427,0.0 -76.493266,39.680408,0.0 -76.490531,39.654088,0.0 -76.516168,39.613412,0.0 -76.65939,39.614779,0.0 -76.569491,39.721085,0.0"
WHITE MARSH,21162,MD,39.3932,-76.399,0.6034963920063237,"-76.40952,39.415841,0.0 -76.393455,39.411739,0.0 -76.366109,39.404219,0.0 -76.408837,39.376873,0.0 -76.440968,39.36696,0.0 -76.433789,39.375164,0.0 -76.40952,39.415841,0.0"
WOODSTOCK,21163,MD,39.3392,-76.8588,0.6752691757694522,"-76.899347,39.304066,0.0 -76.868241,39.369353,0.0 -76.815943,39.345768,0.0 -76.822779,39.318764,0.0 -76.899347,39.304066,0.0"
BALTIMORE,21201,MD,39.2947,-76.6224,0.6165567702291402,"-76.632044,39.285949,0.0 -76.632386,39.29552,0.0 -76.623157,39.310902,0.0 -76.621448,39.310902,0.0 -76.616662,39.311244,0.0 -76.614612,39.282189,0.0 -76.632044,39.285949,0.0"
BALTIMORE,21202,MD,39.2973,-76.6077,0.4787394598514495,"-76.616662,39.311244,0.0 -76.600597,39.311928,0.0 -76.600255,39.30304,0.0 -76.599913,39.295178,0.0 -76.598888,39.282189,0.0 -76.606066,39.281506,0.0 -76.614612,39.282189,0.0 -76.616662,39.311244,0.0"
TOWSON,21204,MD,39.4028,-76.6326,0.4335580098958719,"-76.610852,39.383368,0.0 -76.624182,39.38747,0.0 -76.643324,39.383026,0.0 -76.665884,39.397382,0.0 -76.667252,39.400117,0.0 -76.600255,39.413106,0.0 -76.607092,39.384051,0.0 -76.610852,39.383368,0.0"
BALTIMORE,21205,MD,39.3018,-76.563,0.5949609326547093,"-76.584873,39.296546,0.0 -76.599913,39.295178,0.0 -76.600255,39.30304,0.0 -76.548982,39.315346,0.0 -76.538386,39.305433,0.0 -76.529499,39.297229,0.0 -76.584873,39.296546,0.0"
BALTIMORE,21206,MD,39.3384,-76.537,0.5153421082401488,"-76.548982,39.315346,0.0 -76.57667,39.333804,0.0 -76.574619,39.337222,0.0 -76.544197,39.360466,0.0 -76.536335,39.361491,0.0 -76.507622,39.358757,0.0 -76.538386,39.305433,0.0 -76.548982,39.315346,0.0"
BALTIMORE,21209,MD,39.3715,-76.6661,0.4860430719620171,"-76.639564,39.37995,0.0 -76.641957,39.348844,0.0 -76.656313,39.335513,0.0 -76.700066,39.37072,0.0 -76.665884,39.397382,0.0 -76.643324,39.383026,0.0 -76.639564,39.37995,0.0"
BALTIMORE,21210,MD,39.3595,-76.635,0.3613247393783474,"-76.623157,39.335855,0.0 -76.641957,39.348844,0.0 -76.639564,39.37995,0.0 -76.622132,39.345426,0.0 -76.623157,39.335855,0.0"
BALTIMORE,21211,MD,39.3284,-76.6377,0.562002048312159,"-76.623157,39.335855,0.0 -76.621448,39.310902,0.0 -76.623157,39.310902,0.0 -76.652553,39.318422,0.0 -76.656313,39.335513,0.0 -76.641957,39.348844,0.0 -76.623157,39.335855,0.0"
BALTIMORE,21213,MD,39.3151,-76.5769,0.4612579112289452,"-76.600597,39.311928,0.0 -76.57667,39.333804,0.0 -76.548982,39.315346,0.0 -76.600255,39.30304,0.0 -76.600597,39.311928,0.0"
BALTIMORE,21214,MD,39.3518,-76.5644,0.47062804141547276,"-76.574619,39.337222,0.0 -76.577011,39.338589,0.0 -76.580771,39.345426,0.0 -76.573251,39.368669,0.0 -76.544197,39.360466,0.0 -76.574619,39.337222,0.0"
BALTIMORE,21215,MD,39.3457,-76.6835,0.47531643238370114,"-76.652553,39.318422,0.0 -76.656313,39.316029,0.0 -76.682634,39.327309,0.0 -76.717841,39.356364,0.0 -76.700066,39.37072,0.0 -76.656313,39.335513,0.0 -76.652553,39.318422,0.0"
BALTIMORE,21216,MD,39.3109,-76.6717,0.40053576726223306,"-76.652212,39.294837,0.0 -76.669644,39.294153,0.0 -76.686394,39.305433,0.0 -76.682634,39.327309,0.0 -76.656313,39.316029,0.0 -76.652212,39.294837,0.0"
BALTIMORE,21218,MD,39.3294,-76.6029,0.3548590162967292,"-76.600597,39.311928,0.0 -76.616662,39.311244,0.0 -76.621448,39.310902,0.0 -76.623157,39.335855,0.0 -76.622132,39.345426,0.0 -76.599913,39.342691,0.0 -76.585899,39.345768,0.0 -76.577011,39.338589,0.0 -76.574619,39.337222,0.0 -76.57667,39.333804,0.0 -76.600597,39.311928,0.0"
SPARROWS POINT,21219,MD,39.2267,-76.4575,0.4898326807427338,"-76.488139,39.248349,0.0 -76.452589,39.258946,0.0 -76.39824,39.236727,0.0 -76.441993,39.195367,0.0 -76.488139,39.248349,0.0"
MIDDLE RIVER,21220,MD,39.3448,-76.3969,0.6009332131563567,"-76.44336,39.326968,0.0 -76.474808,39.339615,0.0 -76.440968,39.36696,0.0 -76.408837,39.376873,0.0 -76.330218,39.335855,0.0 -76.44336,39.326968,0.0"
ESSEX,21221,MD,39.2956,-76.439,0.7353255583139932,"-76.485746,39.32184,0.0 -76.474808,39.339615,0.0 -76.44336,39.326968,0.0 -76.402342,39.248349,0.0 -76.485746,39.32184,0.0"
DUNDALK,21222,MD,39.2645,-76.4991,0.5208165489956897,"-76.539753,39.265098,0.0 -76.485746,39.288684,0.0 -76.452589,39.258946,0.0 -76.488139,39.248349,0.0 -76.539753,39.265098,0.0"
BALTIMORE,21223,MD,39.2842,-76.6527,0.28458641022986764,"-76.668961,39.269542,0.0 -76.669644,39.294153,0.0 -76.652212,39.294837,0.0 -76.632386,39.29552,0.0 -76.632044,39.285949,0.0 -76.664517,39.266807,0.0 -76.668961,39.269542,0.0"
BALTIMORE,21224,MD,39.2833,-76.5425,0.32268797643950586,"-76.586924,39.283215,0.0 -76.584873,39.296546,0.0 -76.529499,39.297229,0.0 -76.505229,39.306458,0.0 -76.485746,39.288684,0.0 -76.539753,39.265098,0.0 -76.586924,39.283215,0.0"
BROOKLYN,21225,MD,39.2263,-76.6164,0.5358900681276488,"-76.61427,39.206306,0.0 -76.641615,39.205964,0.0 -76.639906,39.224422,0.0 -76.629652,39.242196,0.0 -76.62555,39.255869,0.0 -76.605724,39.243906,0.0 -76.590001,39.212116,0.0 -76.61427,39.206306,0.0"
CURTIS BAY,21226.1,MD,39.2054,-76.5591,0.2973832195658541,"-76.577695,39.200495,0.0 -76.590001,39.212116,0.0 -76.605724,39.243906,0.0 -76.577695,39.200495,0.0"
CURTIS BAY,21226,MD,39.2054,-76.5591,0.70131260979451,"-76.547615,39.16392,0.0 -76.570175,39.191265,0.0 -76.5336,39.2128,0.0 -76.547615,39.16392,0.0"
HALETHORPE,21227,MD,39.2402,-76.6757,0.6949444957670263,"-76.639906,39.224422,0.0 -76.693914,39.218953,0.0 -76.697674,39.213826,0.0 -76.722968,39.227156,0.0 -76.713739,39.241855,0.0 -76.705877,39.261338,0.0 -76.699724,39.264415,0.0 -76.668961,39.269542,0.0 -76.664517,39.266807,0.0 -76.629652,39.242196,0.0 -76.639906,39.224422,0.0"
CATONSVILLE,21228,MD,39.2718,-76.7455,0.4057848953833495,"-76.796117,39.304749,0.0 -76.743135,39.299622,0.0 -76.725019,39.289709,0.0 -76.699724,39.264415,0.0 -76.705877,39.261338,0.0 -76.713739,39.241855,0.0 -76.722968,39.227156,0.0 -76.746212,39.238436,0.0 -76.796117,39.304749,0.0"
BALTIMORE,21229,MD,39.285,-76.6901,0.5890535051223134,"-76.725019,39.289709,0.0 -76.686394,39.305433,0.0 -76.669644,39.294153,0.0 -76.668961,39.269542,0.0 -76.699724,39.264415,0.0 -76.725019,39.289709,0.0"
BALTIMORE,21231,MD,39.2884,-76.5923,0.40158752514720875,"-76.599913,39.295178,0.0 -76.584873,39.296546,0.0 -76.586924,39.283215,0.0 -76.598888,39.282189,0.0 -76.599913,39.295178,0.0"
PARKVILLE,21234,MD,39.3924,-76.535,0.6272803998258071,"-76.498393,39.41379,0.0 -76.536335,39.361491,0.0 -76.544197,39.360466,0.0 -76.573251,39.368669,0.0 -76.579062,39.382,0.0 -76.537702,39.422335,0.0 -76.498393,39.41379,0.0"
NOTTINGHAM,21236,MD,39.3879,-76.4878,0.48335664603245065,"-76.449171,39.379608,0.0 -76.507622,39.358757,0.0 -76.536335,39.361491,0.0 -76.498393,39.41379,0.0 -76.475833,39.420968,0.0 -76.449171,39.379608,0.0"
ROSEDALE,21237,MD,39.3406,-76.4936,0.2586364598918862,"-76.505229,39.306458,0.0 -76.529499,39.297229,0.0 -76.538386,39.305433,0.0 -76.507622,39.358757,0.0 -76.449171,39.379608,0.0 -76.433789,39.375164,0.0 -76.440968,39.36696,0.0 -76.474808,39.339615,0.0 -76.485746,39.32184,0.0 -76.505229,39.306458,0.0"
BALTIMORE,21239,MD,39.3641,-76.5872,0.31312205600977017,"-76.580771,39.345426,0.0 -76.585899,39.345768,0.0 -76.599913,39.342691,0.0 -76.604357,39.384051,0.0 -76.579062,39.382,0.0 -76.573251,39.368669,0.0 -76.580771,39.345426,0.0"
BALTIMORE,21240,MD,39.1748,-76.6724,0.3938289835537694,"-76.693914,39.178276,0.0 -76.692546,39.183404,0.0 -76.653921,39.19024,0.0 -76.673404,39.162211,0.0 -76.696648,39.158451,0.0 -76.697332,39.158451,0.0 -76.693914,39.178276,0.0"
WINDSOR MILL,21244,MD,39.3335,-76.7805,0.2653949271950943,"-76.814917,39.311928,0.0 -76.822779,39.318764,0.0 -76.815943,39.345768,0.0 -76.765354,39.367644,0.0 -76.746554,39.359782,0.0 -76.743135,39.299622,0.0 -76.796117,39.304749,0.0 -76.814917,39.311928,0.0"
BALTIMORE,21251,MD,39.3425,-76.5834,0.49594593797958675,"-76.585899,39.345768,0.0 -76.580771,39.345426,0.0 -76.577011,39.338589,0.0 -76.585899,39.345768,0.0"
ANNAPOLIS,21403,MD,38.9463,-76.4909,0.44549855965486373,"-76.525055,38.957803,0.0 -76.505913,38.97045,0.0 -76.460451,38.907556,0.0 -76.525055,38.957803,0.0"
CUMBERLAND,21502,MD,39.6472,-78.7537,0.630955448397478,"-78.847373,39.562139,0.0 -78.897962,39.581623,0.0 -78.848056,39.659899,0.0 -78.795758,39.722794,0.0 -78.736282,39.723136,0.0 -78.654929,39.722794,0.0 -78.634078,39.722794,0.0 -78.650143,39.639048,0.0 -78.703467,39.568634,0.0 -78.659372,39.535819,0.0 -78.72466,39.563848,0.0 -78.775591,39.598714,0.0 -78.733205,39.614437,0.0 -78.776274,39.628794,0.0 -78.847373,39.562139,0.0"
ACCIDENT,21520,MD,39.6341,-79.2991,0.7139426710725989,"-79.232261,39.582306,0.0 -79.276697,39.578888,0.0 -79.351897,39.594612,0.0 -79.333097,39.687245,0.0 -79.269861,39.707754,0.0 -79.244224,39.632554,0.0 -79.232261,39.582306,0.0"
BARTON,21521,MD,39.5585,-79.0787,0.25946836840583454,"-79.097926,39.636314,0.0 -78.975897,39.513601,0.0 -79.042551,39.525564,0.0 -79.144413,39.523172,0.0 -79.174493,39.557695,0.0 -79.090064,39.579914,0.0 -79.097926,39.636314,0.0"
BITTINGER,21522,MD,39.6003,-79.2179,0.6660622974497057,"-79.231919,39.54539,0.0 -79.232261,39.582306,0.0 -79.244224,39.632554,0.0 -79.192952,39.624692,0.0 -79.231919,39.54539,0.0"
BLOOMINGTON,21523,MD,39.5125,-79.0958,0.5019558340570454,"-79.067162,39.479761,0.0 -79.075024,39.473266,0.0 -79.144413,39.523172,0.0 -79.042551,39.525564,0.0 -79.066479,39.48147,0.0 -79.067162,39.479761,0.0"
FLINTSTONE,21530,MD,39.6911,-78.5215,0.2791993803824093,"-78.634078,39.722794,0.0 -78.492907,39.722794,0.0 -78.38455,39.722794,0.0 -78.458383,39.659557,0.0 -78.650143,39.639048,0.0 -78.634078,39.722794,0.0"
FRIENDSVILLE,21531,MD,39.6517,-79.4152,0.36188263950728994,"-79.351897,39.594612,0.0 -79.462647,39.551543,0.0 -79.478712,39.556328,0.0 -79.478029,39.629819,0.0 -79.476661,39.721085,0.0 -79.392574,39.721427,0.0 -79.317716,39.72211,0.0 -79.333097,39.687245,0.0 -79.351897,39.594612,0.0"
FROSTBURG,21532,MD,39.6513,-78.9528,0.6208735848308221,"-78.897962,39.581623,0.0 -78.922915,39.558721,0.0 -79.043235,39.685194,0.0 -79.042893,39.722794,0.0 -78.979998,39.722452,0.0 -78.931118,39.722794,0.0 -78.848056,39.659899,0.0 -78.897962,39.581623,0.0"
GRANTSVILLE,21536,MD,39.6606,-79.1637,0.45913972130112857,"-79.174493,39.557695,0.0 -79.231919,39.54539,0.0 -79.192952,39.624692,0.0 -79.244224,39.632554,0.0 -79.269861,39.707754,0.0 -79.333097,39.687245,0.0 -79.317716,39.72211,0.0 -79.206624,39.72211,0.0 -79.166632,39.722452,0.0 -79.042893,39.722794,0.0 -79.043235,39.685194,0.0 -79.097926,39.636314,0.0 -79.090064,39.579914,0.0 -79.174493,39.557695,0.0"
KITZMILLER,21538,MD,39.4026,-79.223,0.2532612605037181,"-79.232261,39.360466,0.0 -79.281141,39.425411,0.0 -79.159795,39.408662,0.0 -79.232261,39.360466,0.0"
LONACONING,21539,MD,39.5993,-79.0174,0.6048748899022488,"-78.922915,39.558721,0.0 -78.967009,39.51155,0.0 -78.975897,39.513601,0.0 -79.097926,39.636314,0.0 -79.043235,39.685194,0.0 -78.922915,39.558721,0.0"
LUKE,21540,MD,39.4768,-79.0593,0.6264196260315418,"-79.053831,39.478735,0.0 -79.058275,39.471215,0.0 -79.067162,39.479761,0.0 -79.066479,39.48147,0.0 -79.053831,39.478735,0.0"
MC HENRY,21541,MD,39.5543,-79.3665,0.7402856903686477,"-79.276697,39.578888,0.0 -79.305068,39.499928,0.0 -79.462647,39.551543,0.0 -79.351897,39.594612,0.0 -79.276697,39.578888,0.0"
MOUNT SAVAGE,21545,MD,39.7014,-78.8645,0.7325637741043708,"-78.931118,39.722794,0.0 -78.808405,39.722794,0.0 -78.795758,39.722794,0.0 -78.848056,39.659899,0.0 -78.931118,39.722794,0.0"
OAKLAND,21550,MD,39.3889,-79.3911,0.48873258889172,"-79.232261,39.360466,0.0 -79.271912,39.327993,0.0 -79.272254,39.327651,0.0 -79.486916,39.205964,0.0 -79.486916,39.296204,0.0 -79.484181,39.351579,0.0 -79.478712,39.556328,0.0 -79.462647,39.551543,0.0 -79.305068,39.499928,0.0 -79.281141,39.425411,0.0 -79.232261,39.360466,0.0"
OLDTOWN,21555,MD,39.589,-78.563,0.6150333725534275,"-78.650143,39.639048,0.0 -78.458383,39.659557,0.0 -78.495641,39.604183,0.0 -78.431721,39.587775,0.0 -78.427961,39.559404,0.0 -78.523328,39.524881,0.0 -78.588274,39.528641,0.0 -78.657663,39.535135,0.0 -78.659372,39.535819,0.0 -78.703467,39.568634,0.0 -78.650143,39.639048,0.0"
RAWLINGS,21557,MD,39.5197,-78.9231,0.422573990186484,"-78.973162,39.444895,0.0 -78.967009,39.51155,0.0 -78.922915,39.558721,0.0 -78.897962,39.581623,0.0 -78.847373,39.562139,0.0 -78.908558,39.496852,0.0 -78.973162,39.444895,0.0"
SWANTON,21561,MD,39.4913,-79.2147,0.4576862407458364,"-79.305068,39.499928,0.0 -79.276697,39.578888,0.0 -79.232261,39.582306,0.0 -79.231919,39.54539,0.0 -79.174493,39.557695,0.0 -79.144413,39.523172,0.0 -79.075024,39.473266,0.0 -79.128348,39.417208,0.0 -79.159795,39.408662,0.0 -79.281141,39.425411,0.0 -79.305068,39.499928,0.0"
WESTERNPORT,21562,MD,39.4879,-79.0151,0.3492688905604431,"-79.066479,39.48147,0.0 -79.042551,39.525564,0.0 -78.975897,39.513601,0.0 -78.967009,39.51155,0.0 -78.973162,39.444895,0.0 -79.035715,39.471557,0.0 -79.053831,39.478735,0.0 -79.066479,39.48147,0.0"
EASTON,21601,MD,38.7939,-76.0775,0.43875272082813055,"-76.184945,38.716821,0.0 -76.186996,38.725024,0.0 -76.191098,38.747243,0.0 -76.175374,38.754079,0.0 -76.122734,38.786894,0.0 -76.179818,38.775614,0.0 -76.190414,38.858676,0.0 -76.062916,38.885338,0.0 -75.991817,38.804668,0.0 -75.913883,38.83133,0.0 -75.896792,38.814923,0.0 -75.997287,38.757155,0.0 -76.008908,38.71853,0.0 -76.086501,38.692893,0.0 -76.09197,38.713403,0.0 -76.140851,38.709301,0.0 -76.072145,38.732203,0.0 -76.114872,38.776981,0.0 -76.184945,38.716821,0.0"
BARCLAY,21607,MD,39.1347,-75.8495,0.3811008844428688,"-75.876283,39.09248,0.0 -75.89269,39.145804,0.0 -75.791512,39.132814,0.0 -75.80997,39.120167,0.0 -75.876283,39.09248,0.0"
BETTERTON,21610,MD,39.36,-76.0656,0.36717089507508727,"-76.055054,39.349528,0.0 -76.077956,39.342008,0.0 -76.109403,39.37243,0.0 -76.042748,39.360124,0.0 -76.055054,39.349528,0.0"
BOZMAN,21612,MD,38.7521,-76.2752,0.2705468145081543,"-76.268007,38.792705,0.0 -76.255018,38.795097,0.0 -76.271084,38.709301,0.0 -76.268007,38.792705,0.0"
CAMBRIDGE,21613,MD,38.4882,-76.0834,0.2814391858609555,"-76.110429,38.356885,0.0 -76.156916,38.499424,0.0 -76.157258,38.500449,0.0 -76.12752,38.545911,0.0 -76.213316,38.545911,0.0 -76.181869,38.588297,0.0 -76.235876,38.541126,0.0 -76.254334,38.593766,0.0 -76.277578,38.532239,0.0 -76.288516,38.62829,0.0 -76.008567,38.559242,0.0 -75.963788,38.552406,0.0 -75.950457,38.51754,0.0 -76.008908,38.471395,0.0 -75.902261,38.432769,0.0 -76.010959,38.375686,0.0 -76.041723,38.32202,0.0 -76.110429,38.356885,0.0"
CENTREVILLE,21617,MD,39.0494,-76.0329,0.6310625244589554,"-76.039672,39.155716,0.0 -76.013694,39.087011,0.0 -75.87765,39.09248,0.0 -75.876625,39.09248,0.0 -75.891323,39.021381,0.0 -76.078298,38.956094,0.0 -76.16512,39.012836,0.0 -76.150763,39.078465,0.0 -76.071803,39.055563,0.0 -76.145636,39.089403,0.0 -76.039672,39.155716,0.0"
CHESTER,21619,MD,38.9553,-76.2796,0.5424904617912798,"-76.301505,38.974552,0.0 -76.2892,38.997796,0.0 -76.249207,38.921229,0.0 -76.282364,38.963614,0.0 -76.299455,38.901745,0.0 -76.301505,38.974552,0.0"
CHESTERTOWN,21620,MD,39.208,-76.0923,0.5359426893922015,"-76.173323,39.17896,0.0 -76.268007,39.178618,0.0 -76.154865,39.276037,0.0 -76.067018,39.239804,0.0 -76.019163,39.283215,0.0 -75.946697,39.243564,0.0 -75.924821,39.244247,0.0 -75.913883,39.231942,0.0 -75.900894,39.199811,0.0 -75.953192,39.178276,0.0 -76.017112,39.16016,0.0 -76.061549,39.208698,0.0 -76.041381,39.172124,0.0 -76.170589,39.094873,0.0 -76.121709,39.174858,0.0 -76.162043,39.128371,0.0 -76.173323,39.17896,0.0"
CHURCH CREEK,21622,MD,38.408,-76.1889,0.5330832128683273,"-76.110429,38.356885,0.0 -76.131963,38.306638,0.0 -76.287491,38.41978,0.0 -76.273134,38.451911,0.0 -76.2892,38.469686,0.0 -76.220153,38.440631,0.0 -76.181185,38.504551,0.0 -76.156916,38.499424,0.0 -76.110429,38.356885,0.0"
CHURCH HILL,21623,MD,39.1205,-75.968,0.3838567900716712,"-75.918326,39.135549,0.0 -75.87765,39.09248,0.0 -76.013694,39.087011,0.0 -76.039672,39.155716,0.0 -76.017112,39.16016,0.0 -75.953192,39.178276,0.0 -75.977803,39.130422,0.0 -75.918326,39.135549,0.0"
CORDOVA,21625,MD,38.8724,-75.9938,0.5499542299365251,"-75.94909,38.918152,0.0 -75.913883,38.83133,0.0 -75.991817,38.804668,0.0 -76.062916,38.885338,0.0 -76.072487,38.891832,0.0 -75.94909,38.918152,0.0"
CRAPO,21626,MD,38.3276,-76.0963,0.5763284821382975,"-76.062574,38.305271,0.0 -76.105985,38.305613,0.0 -76.106669,38.30322,0.0 -76.131963,38.306638,0.0 -76.110429,38.356885,0.0 -76.041723,38.32202,0.0 -76.062574,38.305271,0.0"
DENTON,21629,MD,38.8638,-75.8304,0.38712323254122716,"-75.913883,38.83133,0.0 -75.94909,38.918152,0.0 -75.949774,38.923963,0.0 -75.837657,38.907556,0.0 -75.824326,38.950967,0.0 -75.729642,38.918494,0.0 -75.725541,38.868247,0.0 -75.722122,38.822101,0.0 -75.841759,38.76741,0.0 -75.845519,38.824836,0.0 -75.896792,38.814923,0.0 -75.913883,38.83133,0.0"
EAST NEW MARKET,21631,MD,38.5844,-75.9503,0.5672212975307216,"-75.946356,38.631024,0.0 -75.895766,38.594791,0.0 -75.917985,38.559242,0.0 -75.963788,38.552406,0.0 -76.008567,38.559242,0.0 -75.946356,38.631024,0.0"
FEDERALSBURG,21632,MD,38.723,-75.7691,0.6172121222847166,"-75.770661,38.63205,0.0 -75.864319,38.697679,0.0 -75.841759,38.76741,0.0 -75.722122,38.822101,0.0 -75.717679,38.766043,0.0 -75.711184,38.68469,0.0 -75.707424,38.635126,0.0 -75.770661,38.63205,0.0"
GALENA,21635,MD,39.3318,-75.838,0.5366205626253786,"-75.760406,39.301331,0.0 -75.824326,39.308851,0.0 -75.91525,39.276037,0.0 -75.915592,39.3444,0.0 -75.882435,39.364226,0.0 -75.810312,39.379266,0.0 -75.766559,39.377215,0.0 -75.760406,39.301331,0.0"
GOLDSBORO,21636,MD,39.021,-75.7964,0.6231575893423229,"-75.740581,39.055563,0.0 -75.736137,38.995403,0.0 -75.863635,39.01352,0.0 -75.875599,39.019672,0.0 -75.740581,39.055563,0.0"
GRASONVILLE,21638,MD,38.9427,-76.2,0.7335572346649614,"-76.198276,38.96464,0.0 -76.188705,38.897985,0.0 -76.246131,38.974552,0.0 -76.198276,38.96464,0.0"
GREENSBORO,21639,MD,38.9631,-75.7933,0.6897666769719392,"-75.736137,38.995403,0.0 -75.734428,38.976261,0.0 -75.729642,38.918494,0.0 -75.824326,38.950967,0.0 -75.863635,39.01352,0.0 -75.736137,38.995403,0.0"
HENDERSON,21640,MD,39.0699,-75.8195,0.7390259581839734,"-75.875599,39.019672,0.0 -75.890981,39.018305,0.0 -75.891323,39.021381,0.0 -75.876625,39.09248,0.0 -75.876283,39.09248,0.0 -75.80997,39.120167,0.0 -75.742973,39.082567,0.0 -75.74229,39.074022,0.0 -75.740581,39.055563,0.0 -75.875599,39.019672,0.0"
HURLOCK,21643,MD,38.6432,-75.8654,0.26712105315632784,"-75.93781,38.676828,0.0 -75.864319,38.697679,0.0 -75.770661,38.63205,0.0 -75.895766,38.594791,0.0 -75.946356,38.631024,0.0 -75.93781,38.676828,0.0"
INGLESIDE,21644,MD,39.1258,-75.8858,0.688646571664963,"-75.876283,39.09248,0.0 -75.876625,39.09248,0.0 -75.87765,39.09248,0.0 -75.918326,39.135549,0.0 -75.89269,39.145804,0.0 -75.876283,39.09248,0.0"
KENNEDYVILLE,21645,MD,39.3134,-75.9701,0.31907932636649794,"-75.91525,39.276037,0.0 -75.946697,39.243564,0.0 -76.019163,39.283215,0.0 -76.045825,39.31432,0.0 -76.055054,39.349528,0.0 -76.042748,39.360124,0.0 -75.915592,39.3444,0.0 -75.91525,39.276037,0.0"
MCDANIEL,21647,MD,38.8101,-76.286,0.631554151403701,"-76.288174,38.800566,0.0 -76.309709,38.801934,0.0 -76.290909,38.827228,0.0 -76.265956,38.800225,0.0 -76.288174,38.800566,0.0"
MADISON,21648,MD,38.4846,-76.2297,0.5416614887451008,"-76.203745,38.525744,0.0 -76.181185,38.504551,0.0 -76.220153,38.440631,0.0 -76.2892,38.469686,0.0 -76.203745,38.525744,0.0"
MARYDEL,21649,MD,39.1344,-75.7688,0.6292048087312679,"-75.751177,39.178276,0.0 -75.747759,39.143411,0.0 -75.742973,39.082567,0.0 -75.80997,39.120167,0.0 -75.791512,39.132814,0.0 -75.79869,39.188531,0.0 -75.751177,39.178276,0.0"
MASSEY,21650,MD,39.2933,-75.7893,0.31346668549022727,"-75.758697,39.27672,0.0 -75.824326,39.308851,0.0 -75.760406,39.301331,0.0 -75.758697,39.27672,0.0"
MILLINGTON,21651,MD,39.2558,-75.8536,0.6255543972224881,"-75.924821,39.244247,0.0 -75.946697,39.243564,0.0 -75.91525,39.276037,0.0 -75.824326,39.308851,0.0 -75.758697,39.27672,0.0 -75.755962,39.245957,0.0 -75.900894,39.199811,0.0 -75.913883,39.231942,0.0 -75.924821,39.244247,0.0"
OXFORD,21654,MD,38.6871,-76.1319,0.41012773516564416,"-76.09197,38.713403,0.0 -76.086501,38.692893,0.0 -76.098465,38.675461,0.0 -76.1764,38.691868,0.0 -76.09197,38.713403,0.0"
PRESTON,21655,MD,38.747,-75.9128,0.42263090657955404,"-75.997287,38.757155,0.0 -75.896792,38.814923,0.0 -75.845519,38.824836,0.0 -75.841759,38.76741,0.0 -75.864319,38.697679,0.0 -75.93781,38.676828,0.0 -75.997287,38.757155,0.0"
QUEEN ANNE,21657,MD,38.9582,-75.9917,0.6440185753434561,"-76.08069,38.902087,0.0 -76.081032,38.942421,0.0 -76.078298,38.956094,0.0 -75.891323,39.021381,0.0 -75.890981,39.018305,0.0 -75.949774,38.923963,0.0 -75.94909,38.918152,0.0 -76.072487,38.891832,0.0 -76.08069,38.902087,0.0"
QUEENSTOWN,21658,MD,38.9526,-76.1357,0.2695056319132304,"-76.081032,38.942421,0.0 -76.1012,38.941396,0.0 -76.104276,38.889781,0.0 -76.16512,38.907898,0.0 -76.162043,38.977287,0.0 -76.205112,38.852523,0.0 -76.188705,38.897985,0.0 -76.198276,38.96464,0.0 -76.16512,39.012836,0.0 -76.078298,38.956094,0.0 -76.081032,38.942421,0.0"
RHODESDALE,21659,MD,38.5739,-75.7953,0.3939826308035851,"-75.898501,38.540784,0.0 -75.917985,38.559242,0.0 -75.895766,38.594791,0.0 -75.770661,38.63205,0.0 -75.707424,38.635126,0.0 -75.701613,38.56061,0.0 -75.754253,38.525744,0.0 -75.898501,38.540784,0.0"
RIDGELY,21660,MD,38.9596,-75.8878,0.6274928030454741,"-75.890981,39.018305,0.0 -75.875599,39.019672,0.0 -75.863635,39.01352,0.0 -75.824326,38.950967,0.0 -75.837657,38.907556,0.0 -75.949774,38.923963,0.0 -75.890981,39.018305,0.0"
ROCK HALL,21661,MD,39.1214,-76.2194,0.31229460054408886,"-76.268007,39.178618,0.0 -76.173323,39.17896,0.0 -76.226989,39.053854,0.0 -76.268007,39.178618,0.0"
ROYAL OAK,21662,MD,38.7094,-76.2081,0.39544448822165124,"-76.186996,38.725024,0.0 -76.184945,38.716821,0.0 -76.198618,38.670333,0.0 -76.238611,38.711352,0.0 -76.186996,38.725024,0.0"
SAINT MICHAELS,21663,MD,38.7923,-76.2344,0.6288305096684549,"-76.175374,38.754079,0.0 -76.191098,38.747243,0.0 -76.255018,38.795097,0.0 -76.268007,38.792705,0.0 -76.265956,38.800225,0.0 -76.290909,38.827228,0.0 -76.253993,38.863119,0.0 -76.175374,38.754079,0.0"
SHERWOOD,21665,MD,38.746,-76.3279,0.6675746810689617,"-76.327825,38.720239,0.0 -76.334662,38.721264,0.0 -76.331244,38.776639,0.0 -76.317571,38.770486,0.0 -76.327825,38.720239,0.0"
STEVENSVILLE,21666,MD,38.9398,-76.3339,0.29545193002250114,"-76.2892,38.997796,0.0 -76.301505,38.974552,0.0 -76.375338,38.83885,0.0 -76.305265,39.038814,0.0 -76.2892,38.997796,0.0"
STILL POND,21667,MD,39.3299,-76.0556,0.4935459649587398,"-76.045825,39.31432,0.0 -76.077956,39.342008,0.0 -76.055054,39.349528,0.0 -76.045825,39.31432,0.0"
SUDLERSVILLE,21668,MD,39.1836,-75.8528,0.43166994949262116,"-75.791512,39.132814,0.0 -75.89269,39.145804,0.0 -75.918326,39.135549,0.0 -75.977803,39.130422,0.0 -75.953192,39.178276,0.0 -75.900894,39.199811,0.0 -75.755962,39.245957,0.0 -75.752544,39.199127,0.0 -75.751177,39.178276,0.0 -75.79869,39.188531,0.0 -75.791512,39.132814,0.0"
TAYLORS ISLAND,21669,MD,38.4578,-76.2921,0.48077793652271394,"-76.273134,38.451911,0.0 -76.287491,38.41978,0.0 -76.329876,38.499424,0.0 -76.273134,38.451911,0.0"
TILGHMAN,21671,MD,38.6974,-76.3364,0.6122531979439378,"-76.334662,38.721264,0.0 -76.327825,38.720239,0.0 -76.338764,38.66965,0.0 -76.334662,38.721264,0.0"
TODDVILLE,21672,MD,38.2737,-76.0631,0.3755625899598364,"-76.079665,38.278951,0.0 -76.105985,38.305613,0.0 -76.062574,38.305271,0.0 -76.032152,38.21674,0.0 -76.079665,38.278951,0.0"
TRAPPE,21673,MD,38.6569,-76.044,0.4329677386533046,"-76.098465,38.675461,0.0 -76.086501,38.692893,0.0 -76.008908,38.71853,0.0 -75.952508,38.674093,0.0 -76.026683,38.578042,0.0 -76.023948,38.621112,0.0 -76.111112,38.612224,0.0 -76.089578,38.659395,0.0 -76.145978,38.636493,0.0 -76.098465,38.675461,0.0"
WINGATE,21675,MD,38.2894,-76.0967,0.507143816019295,"-76.106669,38.30322,0.0 -76.105985,38.305613,0.0 -76.079665,38.278951,0.0 -76.106669,38.30322,0.0"
WITTMAN,21676,MD,38.7849,-76.3001,0.25392864056862985,"-76.309709,38.801934,0.0 -76.288174,38.800566,0.0 -76.317571,38.770486,0.0 -76.331244,38.776639,0.0 -76.309709,38.801934,0.0"
WOOLFORD,21677,MD,38.5141,-76.1854,0.7342600158912929,"-76.156916,38.499424,0.0 -76.181185,38.504551,0.0 -76.203745,38.525744,0.0 -76.157258,38.500449,0.0 -76.156916,38.499424,0.0"
WORTON,21678,MD,39.3045,-76.1018,0.5995965443292574,"-76.109403,39.37243,0.0 -76.077956,39.342008,0.0 -76.045825,39.31432,0.0 -76.019163,39.283215,0.0 -76.067018,39.239804,0.0 -76.154865,39.276037,0.0 -76.186996,39.317738,0.0 -76.109403,39.37243,0.0"
WYE MILLS,21679,MD,38.9183,-76.0877,0.41286974871650184,"-76.1012,38.941396,0.0 -76.081032,38.942421,0.0 -76.08069,38.902087,0.0 -76.1012,38.941396,0.0"
FREDERICK,21701,MD,39.4476,-77.3371,0.4909847252987042,"-77.409341,39.400117,0.0 -77.434977,39.415499,0.0 -77.41857,39.524197,0.0 -77.37721,39.507106,0.0 -77.392591,39.465404,0.0 -77.318759,39.453782,0.0 -77.291755,39.51907,0.0 -77.240482,39.485913,0.0 -77.248344,39.446604,0.0 -77.250053,39.435324,0.0 -77.324569,39.39328,0.0 -77.328671,39.39328,0.0 -77.409341,39.400117,0.0"
FREDERICK,21702,MD,39.4854,-77.4583,0.5454300288660309,"-77.434977,39.415499,0.0 -77.504366,39.423019,0.0 -77.508126,39.487964,0.0 -77.497872,39.564874,0.0 -77.41857,39.524197,0.0 -77.434977,39.415499,0.0"
FREDERICK,21703,MD,39.3676,-77.4687,0.5965314138872343,"-77.409341,39.400117,0.0 -77.432242,39.332437,0.0 -77.521799,39.304066,0.0 -77.506759,39.418233,0.0 -77.504366,39.423019,0.0 -77.434977,39.415499,0.0 -77.409341,39.400117,0.0"
FREDERICK,21704,MD,39.3506,-77.3736,0.6819716839852817,"-77.328671,39.39328,0.0 -77.356359,39.283898,0.0 -77.36046,39.287658,0.0 -77.432242,39.332437,0.0 -77.409341,39.400117,0.0 -77.328671,39.39328,0.0"
ADAMSTOWN,21710,MD,39.2921,-77.4411,0.5090148955738905,"-77.524192,39.275353,0.0 -77.530686,39.286633,0.0 -77.521799,39.304066,0.0 -77.432242,39.332437,0.0 -77.36046,39.287658,0.0 -77.470526,39.256895,0.0 -77.524192,39.275353,0.0"
BIG POOL,21711,MD,39.6708,-78.0119,0.6053950355503567,"-77.956251,39.722452,0.0 -77.970265,39.607259,0.0 -78.098789,39.68075,0.0 -78.031109,39.722452,0.0 -77.956251,39.722452,0.0"
BOONSBORO,21713,MD,39.5247,-77.672,0.6862941610128908,"-77.657501,39.467455,0.0 -77.746716,39.508815,0.0 -77.771327,39.521463,0.0 -77.705014,39.557354,0.0 -77.61033,39.580939,0.0 -77.605203,39.536161,0.0 -77.620926,39.504713,0.0 -77.621268,39.465062,0.0 -77.657501,39.467455,0.0"
BURKITTSVILLE,21718,MD,39.3926,-77.6297,0.36029133830540416,"-77.636992,39.407637,0.0 -77.641436,39.390888,0.0 -77.639726,39.405928,0.0 -77.636992,39.407637,0.0"
CLEAR SPRING,21722,MD,39.6656,-77.9176,0.6740351542917908,"-77.956251,39.722452,0.0 -77.847552,39.72211,0.0 -77.804825,39.661266,0.0 -77.84892,39.657165,0.0 -77.876265,39.615805,0.0 -77.970265,39.607259,0.0 -77.956251,39.722452,0.0"
COOKSVILLE,21723,MD,39.3207,-77.0086,0.4047297176116448,"-76.991296,39.321157,0.0 -77.005994,39.30304,0.0 -77.021034,39.308168,0.0 -77.013856,39.335855,0.0 -76.991296,39.321157,0.0"
EMMITSBURG,21727,MD,39.687,-77.3314,0.5936216938810991,"-77.344395,39.645543,0.0 -77.407973,39.682459,0.0 -77.412759,39.720059,0.0 -77.268511,39.720059,0.0 -77.264751,39.720059,0.0 -77.266802,39.65443,0.0 -77.311239,39.63939,0.0 -77.344395,39.645543,0.0"
FAIRPLAY,21733,MD,39.547,-77.7626,0.4336455883133584,"-77.771327,39.521463,0.0 -77.812003,39.524881,0.0 -77.766541,39.568975,0.0 -77.705014,39.557354,0.0 -77.771327,39.521463,0.0"
GLENELG,21737,MD,39.2548,-77.0182,0.6799314973760775,"-77.045645,39.255527,0.0 -76.998474,39.286975,0.0 -76.984801,39.264073,0.0 -77.040518,39.235018,0.0 -77.045645,39.255527,0.0"
GLENWOOD,21738,MD,39.2767,-77.0239,0.4122442092669476,"-77.045645,39.255527,0.0 -77.055558,39.266466,0.0 -77.021034,39.308168,0.0 -77.005994,39.30304,0.0 -76.998474,39.286975,0.0 -77.045645,39.255527,0.0"
HAGERSTOWN,21740,MD,39.6356,-77.7422,0.6660398564727401,"-77.766541,39.568975,0.0 -77.84892,39.657165,0.0 -77.804825,39.661266,0.0 -77.847552,39.72211,0.0 -77.732701,39.721085,0.0 -77.741247,39.702627,0.0 -77.74193,39.700234,0.0 -77.581959,39.589826,0.0 -77.605203,39.536161,0.0 -77.61033,39.580939,0.0 -77.705014,39.557354,0.0 -77.766541,39.568975,0.0"
HAGERSTOWN,21742,MD,39.6708,-77.6553,0.6354226137193856,"-77.544017,39.720059,0.0 -77.659552,39.62811,0.0 -77.581959,39.589826,0.0 -77.74193,39.700234,0.0 -77.741247,39.702627,0.0 -77.732701,39.721085,0.0 -77.724156,39.721427,0.0 -77.544017,39.720059,0.0"
HANCOCK,21750,MD,39.688,-78.2158,0.694235403866779,"-78.333961,39.638706,0.0 -78.342506,39.722452,0.0 -78.113488,39.72211,0.0 -78.031109,39.722452,0.0 -78.098789,39.68075,0.0 -78.333961,39.638706,0.0"
IJAMSVILLE,21754,MD,39.3354,-77.3089,0.6915418647078554,"-77.313631,39.286633,0.0 -77.356359,39.283898,0.0 -77.328671,39.39328,0.0 -77.324569,39.39328,0.0 -77.292438,39.38576,0.0 -77.263042,39.310218,0.0 -77.269195,39.307484,0.0 -77.313631,39.286633,0.0"
JEFFERSON,21755,MD,39.3627,-77.5634,0.6363405671985547,"-77.530686,39.286633,0.0 -77.539915,39.273986,0.0 -77.543675,39.273644,0.0 -77.566235,39.309193,0.0 -77.647588,39.384051,0.0 -77.641436,39.390888,0.0 -77.636992,39.407637,0.0 -77.506759,39.418233,0.0 -77.521799,39.304066,0.0 -77.530686,39.286633,0.0"
KEEDYSVILLE,21756,MD,39.4573,-77.7024,0.6493867138141483,"-77.662628,39.414131,0.0 -77.691341,39.386444,0.0 -77.746716,39.508815,0.0 -77.657501,39.467455,0.0 -77.662628,39.414131,0.0"
KEYMAR,21757,MD,39.5999,-77.2568,0.7213808765660921,"-77.217922,39.594612,0.0 -77.239798,39.550175,0.0 -77.313289,39.56795,0.0 -77.311239,39.63939,0.0 -77.266802,39.65443,0.0 -77.184424,39.653063,0.0 -77.217922,39.594612,0.0"
KNOXVILLE,21758,MD,39.349,-77.6581,0.599835357841108,"-77.605203,39.305091,0.0 -77.638701,39.310902,0.0 -77.740563,39.361149,0.0 -77.691341,39.386444,0.0 -77.662628,39.414131,0.0 -77.647588,39.384051,0.0 -77.566235,39.309193,0.0 -77.605203,39.305091,0.0"
LITTLE ORLEANS,21766,MD,39.6526,-78.3988,0.2533087720018341,"-78.458383,39.659557,0.0 -78.38455,39.722794,0.0 -78.380448,39.722794,0.0 -78.342506,39.722452,0.0 -78.333961,39.638706,0.0 -78.333619,39.636656,0.0 -78.431721,39.587775,0.0 -78.495641,39.604183,0.0 -78.458383,39.659557,0.0"
MIDDLETOWN,21769,MD,39.4489,-77.5665,0.4648977467627342,"-77.639726,39.405928,0.0 -77.621268,39.465062,0.0 -77.620926,39.504713,0.0 -77.508126,39.487964,0.0 -77.504366,39.423019,0.0 -77.506759,39.418233,0.0 -77.636992,39.407637,0.0 -77.639726,39.405928,0.0"
MONROVIA,21770,MD,39.3536,-77.2548,0.34468261732743466,"-77.263042,39.310218,0.0 -77.292438,39.38576,0.0 -77.242875,39.380291,0.0 -77.21758,39.331411,0.0 -77.263042,39.310218,0.0"
MOUNT AIRY,21771,MD,39.3921,-77.1562,0.38334703737566744,"-77.070598,39.439426,0.0 -77.105122,39.38952,0.0 -77.062053,39.360808,0.0 -77.140329,39.285266,0.0 -77.173485,39.281847,0.0 -77.21758,39.331411,0.0 -77.242875,39.380291,0.0 -77.250053,39.435324,0.0 -77.248344,39.446604,0.0 -77.178955,39.494459,0.0 -77.087005,39.457884,0.0 -77.070598,39.439426,0.0"
MYERSVILLE,21773,MD,39.5389,-77.548,0.332761575086979,"-77.605203,39.536161,0.0 -77.581959,39.589826,0.0 -77.501973,39.611361,0.0 -77.497872,39.564874,0.0 -77.508126,39.487964,0.0 -77.620926,39.504713,0.0 -77.605203,39.536161,0.0"
NEW MARKET,21774,MD,39.4103,-77.2699,0.401137623329612,"-77.242875,39.380291,0.0 -77.292438,39.38576,0.0 -77.324569,39.39328,0.0 -77.250053,39.435324,0.0 -77.242875,39.380291,0.0"
NEW WINDSOR,21776,MD,39.5146,-77.1054,0.5816067729070354,"-77.087005,39.457884,0.0 -77.178955,39.494459,0.0 -77.102387,39.569659,0.0 -77.03334,39.558037,0.0 -77.087005,39.457884,0.0"
POINT OF ROCKS,21777,MD,39.2786,-77.5324,0.6717108021282833,"-77.524192,39.275353,0.0 -77.539915,39.273986,0.0 -77.530686,39.286633,0.0 -77.524192,39.275353,0.0"
ROCKY RIDGE,21778,MD,39.6081,-77.3308,0.41567328444557805,"-77.313289,39.56795,0.0 -77.364904,39.577179,0.0 -77.344395,39.645543,0.0 -77.311239,39.63939,0.0 -77.313289,39.56795,0.0"
ROHRERSVILLE,21779,MD,39.4273,-77.6519,0.41099221133270525,"-77.641436,39.390888,0.0 -77.647588,39.384051,0.0 -77.662628,39.414131,0.0 -77.657501,39.467455,0.0 -77.621268,39.465062,0.0 -77.639726,39.405928,0.0 -77.641436,39.390888,0.0"
SABILLASVILLE,21780,MD,39.678,-77.4637,0.6082158173943862,"-77.494112,39.63563,0.0 -77.496163,39.682117,0.0 -77.469159,39.720059,0.0 -77.459588,39.720059,0.0 -77.412759,39.720059,0.0 -77.407973,39.682459,0.0 -77.494112,39.63563,0.0"
SHARPSBURG,21782,MD,39.454,-77.76,0.36520633168758987,"-77.691341,39.386444,0.0 -77.740563,39.361149,0.0 -77.824309,39.529666,0.0 -77.812003,39.524881,0.0 -77.771327,39.521463,0.0 -77.746716,39.508815,0.0 -77.691341,39.386444,0.0"
SMITHSBURG,21783,MD,39.6484,-77.561,0.36743837696894943,"-77.494112,39.63563,0.0 -77.501973,39.611361,0.0 -77.581959,39.589826,0.0 -77.659552,39.62811,0.0 -77.544017,39.720059,0.0 -77.506759,39.720059,0.0 -77.496163,39.682117,0.0 -77.494112,39.63563,0.0"
TANEYTOWN,21787,MD,39.6708,-77.1703,0.3099639517209435,"-77.266802,39.65443,0.0 -77.264751,39.720059,0.0 -77.21006,39.720059,0.0 -77.066838,39.720059,0.0 -77.109565,39.626401,0.0 -77.217922,39.594612,0.0 -77.184424,39.653063,0.0 -77.266802,39.65443,0.0"
THURMONT,21788,MD,39.5972,-77.4171,0.6686002114966455,"-77.497872,39.564874,0.0 -77.501973,39.611361,0.0 -77.494112,39.63563,0.0 -77.407973,39.682459,0.0 -77.344395,39.645543,0.0 -77.364904,39.577179,0.0 -77.35465,39.525564,0.0 -77.37721,39.507106,0.0 -77.41857,39.524197,0.0 -77.497872,39.564874,0.0"
TUSCARORA,21790,MD,39.263,-77.5003,0.4545467334550948,"-77.543675,39.273644,0.0 -77.539915,39.273986,0.0 -77.524192,39.275353,0.0 -77.470526,39.256895,0.0 -77.475653,39.243564,0.0 -77.543675,39.273644,0.0"
UNION BRIDGE,21791,MD,39.5359,-77.1887,0.2669281844663657,"-77.240482,39.485913,0.0 -77.239798,39.550175,0.0 -77.217922,39.594612,0.0 -77.109565,39.626401,0.0 -77.102387,39.569659,0.0 -77.178955,39.494459,0.0 -77.248344,39.446604,0.0 -77.240482,39.485913,0.0"
WALKERSVILLE,21793,MD,39.4885,-77.3417,0.6237061414409104,"-77.37721,39.507106,0.0 -77.35465,39.525564,0.0 -77.291755,39.51907,0.0 -77.318759,39.453782,0.0 -77.392591,39.465404,0.0 -77.37721,39.507106,0.0"
WEST FRIENDSHIP,21794,MD,39.2969,-76.9739,0.5234838047294481,"-77.005994,39.30304,0.0 -76.991296,39.321157,0.0 -76.95267,39.308851,0.0 -76.935921,39.3068,0.0 -76.984801,39.264073,0.0 -76.998474,39.286975,0.0 -77.005994,39.30304,0.0"
WILLIAMSPORT,21795,MD,39.589,-77.8283,0.26080291829802293,"-77.876265,39.615805,0.0 -77.84892,39.657165,0.0 -77.766541,39.568975,0.0 -77.812003,39.524881,0.0 -77.824309,39.529666,0.0 -77.864643,39.518386,0.0 -77.827727,39.601448,0.0 -77.876265,39.615805,0.0"
WOODSBORO,21798,MD,39.5341,-77.2975,0.6462775265401292,"-77.35465,39.525564,0.0 -77.364904,39.577179,0.0 -77.313289,39.56795,0.0 -77.239798,39.550175,0.0 -77.240482,39.485913,0.0 -77.291755,39.51907,0.0 -77.35465,39.525564,0.0"
SALISBURY,21801,MD,38.3793,-75.6374,0.2585088979761858,"-75.564544,38.423198,0.0 -75.614108,38.32954,0.0 -75.6353,38.318602,0.0 -75.711868,38.341162,0.0 -75.714602,38.354835,0.0 -75.647948,38.383206,0.0 -75.662988,38.458748,0.0 -75.630515,38.458064,0.0 -75.564544,38.423198,0.0"
BISHOPVILLE,21813,MD,38.4279,-75.1761,0.5189905413457041,"-75.252805,38.451228,0.0 -75.089757,38.451228,0.0 -75.133168,38.447809,0.0 -75.102063,38.388675,0.0 -75.196405,38.402347,0.0 -75.238107,38.411918,0.0 -75.252805,38.451228,0.0"
BIVALVE,21814,MD,38.2955,-75.8893,0.7437525317892947,"-75.880726,38.287496,0.0 -75.90397,38.281002,0.0 -75.892348,38.31074,0.0 -75.880726,38.287496,0.0"
CRISFIELD,21817,MD,37.9878,-75.8435,0.5986261739917482,"-75.82125,38.024979,0.0 -75.814072,37.968921,0.0 -75.847912,37.923459,0.0 -75.851672,38.004128,0.0 -75.898843,37.97439,0.0 -75.82125,38.024979,0.0"
DEAL ISLAND,21821,MD,38.1663,-75.9037,0.6731710725096622,"-75.864661,38.197256,0.0 -75.856115,38.169911,0.0 -75.952166,38.175721,0.0 -75.864661,38.197256,0.0"
EDEN,21822,MD,38.2751,-75.6518,0.5697708343846907,"-75.552922,38.273823,0.0 -75.576507,38.220158,0.0 -75.760748,38.285787,0.0 -75.759381,38.310056,0.0 -75.711868,38.341162,0.0 -75.6353,38.318602,0.0 -75.61274,38.306638,0.0 -75.552922,38.273823,0.0"
FRUITLAND,21826,MD,38.3183,-75.6236,0.5011300151946918,"-75.6353,38.318602,0.0 -75.614108,38.32954,0.0 -75.61274,38.306638,0.0 -75.6353,38.318602,0.0"
GIRDLETREE,21829,MD,38.0937,-75.3834,0.5220075410930456,"-75.355351,38.063947,0.0 -75.430551,38.067365,0.0 -75.416194,38.108383,0.0 -75.334158,38.106332,0.0 -75.355351,38.063947,0.0"
LINKWOOD,21835,MD,38.5385,-75.942,0.534960432814861,"-75.898501,38.540784,0.0 -75.950457,38.51754,0.0 -75.963788,38.552406,0.0 -75.917985,38.559242,0.0 -75.898501,38.540784,0.0"
MARDELA SPRINGS,21837,MD,38.4635,-75.7611,0.7228269117631418,"-75.695802,38.486093,0.0 -75.699562,38.459431,0.0 -75.833897,38.391067,0.0 -75.82125,38.4837,0.0 -75.754253,38.525744,0.0 -75.701613,38.56061,0.0 -75.701613,38.559584,0.0 -75.698879,38.521984,0.0 -75.695802,38.486093,0.0"
MARION STATION,21838,MD,38.0164,-75.7325,0.25792053029824535,"-75.756304,38.086507,0.0 -75.644871,38.019852,0.0 -75.624362,37.994216,0.0 -75.814072,37.968921,0.0 -75.82125,38.024979,0.0 -75.756304,38.086507,0.0"
NANTICOKE,21840,MD,38.2609,-75.8907,0.2830913822752441,"-75.90397,38.281002,0.0 -75.880726,38.287496,0.0 -75.874574,38.255707,0.0 -75.90397,38.281002,0.0"
NEWARK,21841,MD,38.2529,-75.2992,0.29844125348118666,"-75.255881,38.207511,0.0 -75.361503,38.263227,0.0 -75.251096,38.293991,0.0 -75.224776,38.242034,0.0 -75.255881,38.207511,0.0"
OCEAN CITY,21842,MD,38.3701,-75.0934,0.3357531611486336,"-75.064805,38.451228,0.0 -75.049081,38.451228,0.0 -75.085314,38.324071,0.0 -75.064805,38.451228,0.0"
PARSONSBURG,21849,MD,38.3861,-75.4682,0.5223087510439627,"-75.418587,38.452595,0.0 -75.438071,38.307664,0.0 -75.544035,38.398587,0.0 -75.506776,38.414311,0.0 -75.443882,38.452937,0.0 -75.428842,38.452595,0.0 -75.418587,38.452595,0.0"
PITTSVILLE,21850,MD,38.3535,-75.4022,0.2742988498897496,"-75.360478,38.298434,0.0 -75.449693,38.286471,0.0 -75.438071,38.307664,0.0 -75.418587,38.452595,0.0 -75.393634,38.452253,0.0 -75.338602,38.32578,0.0 -75.360478,38.298434,0.0"
POCOMOKE CITY,21851,MD,38.0785,-75.5414,0.344123760067215,"-75.430551,38.067365,0.0 -75.459605,38.008572,0.0 -75.622995,37.994216,0.0 -75.624362,37.994216,0.0 -75.644871,38.019852,0.0 -75.670508,38.107016,0.0 -75.610689,38.089583,0.0 -75.588471,38.148718,0.0 -75.546769,38.181532,0.0 -75.416194,38.108383,0.0 -75.430551,38.067365,0.0"
PRINCESS ANNE,21853,MD,38.2048,-75.7179,0.46181794722183434,"-75.588471,38.148718,0.0 -75.754595,38.155212,0.0 -75.856115,38.169911,0.0 -75.864661,38.197256,0.0 -75.760748,38.285787,0.0 -75.576507,38.220158,0.0 -75.546769,38.181532,0.0 -75.588471,38.148718,0.0"
QUANTICO,21856,MD,38.3361,-75.7929,0.586983277886587,"-75.799373,38.262885,0.0 -75.779548,38.312791,0.0 -75.881752,38.32954,0.0 -75.841075,38.380129,0.0 -75.714602,38.354835,0.0 -75.711868,38.341162,0.0 -75.759381,38.310056,0.0 -75.799373,38.262885,0.0"
SNOW HILL,21863,MD,38.2007,-75.4125,0.4340458171330096,"-75.546769,38.181532,0.0 -75.576507,38.220158,0.0 -75.552922,38.273823,0.0 -75.449693,38.286471,0.0 -75.360478,38.298434,0.0 -75.361503,38.263227,0.0 -75.255881,38.207511,0.0 -75.334158,38.106332,0.0 -75.416194,38.108383,0.0 -75.546769,38.181532,0.0"
STOCKTON,21864,MD,38.0399,-75.4095,0.7211415341853314,"-75.430551,38.067365,0.0 -75.355351,38.063947,0.0 -75.377569,38.015067,0.0 -75.438413,38.009939,0.0 -75.459605,38.008572,0.0 -75.430551,38.067365,0.0"
TYASKIN,21865,MD,38.288,-75.8364,0.30233690208658925,"-75.880726,38.287496,0.0 -75.892348,38.31074,0.0 -75.881752,38.32954,0.0 -75.779548,38.312791,0.0 -75.799373,38.262885,0.0 -75.874574,38.255707,0.0 -75.880726,38.287496,0.0"
VIENNA,21869,MD,38.4291,-75.9046,0.534013932961888,"-75.950457,38.51754,0.0 -75.898501,38.540784,0.0 -75.754253,38.525744,0.0 -75.82125,38.4837,0.0 -75.952166,38.236565,0.0 -76.018138,38.309714,0.0 -75.947723,38.34834,0.0 -76.010959,38.375686,0.0 -75.902261,38.432769,0.0 -76.008908,38.471395,0.0 -75.950457,38.51754,0.0"
WESTOVER,21871,MD,38.1082,-75.7178,0.7395287086239878,"-75.644871,38.019852,0.0 -75.756304,38.086507,0.0 -75.880385,38.075569,0.0 -75.754595,38.155212,0.0 -75.588471,38.148718,0.0 -75.610689,38.089583,0.0 -75.670508,38.107016,0.0 -75.644871,38.019852,0.0"
WHALEYVILLE,21872,MD,38.4223,-75.2967,0.7408964975540114,"-75.316041,38.369191,0.0 -75.341336,38.451911,0.0 -75.339969,38.451911,0.0 -75.252805,38.451228,0.0 -75.238107,38.411918,0.0 -75.316041,38.369191,0.0"
WILLARDS,21874,MD,38.3944,-75.3557,0.7156171100676324,"-75.338602,38.32578,0.0 -75.393634,38.452253,0.0 -75.341336,38.451911,0.0 -75.316041,38.369191,0.0 -75.338602,38.32578,0.0"
DELMAR,21875.1,MD,38.4411,-75.5416,0.5207687386837585,"-75.695802,38.486093,0.0 -75.691017,38.460115,0.0 -75.699562,38.459431,0.0 -75.695802,38.486093,0.0"
DELMAR,21875,MD,38.4411,-75.5416,0.39413362091817017,"-75.564544,38.423198,0.0 -75.630515,38.458064,0.0 -75.443882,38.452937,0.0 -75.506776,38.414311,0.0 -75.564544,38.423198,0.0"
NORTH EAST,21901,MD,39.5893,-75.9553,0.28071680900010487,"-75.992159,39.57547,0.0 -76.013352,39.584357,0.0 -75.992843,39.620932,0.0 -75.998996,39.691688,0.0 -75.931657,39.700234,0.0 -75.955585,39.648961,0.0 -75.88517,39.568634,0.0 -75.930974,39.515652,0.0 -76.012327,39.453099,0.0 -75.967548,39.576154,0.0 -75.992159,39.57547,0.0"
PERRYVILLE,21903,MD,39.5713,-76.0457,0.44583613625759366,"-76.105985,39.580597,0.0 -76.013352,39.584357,0.0 -75.992159,39.57547,0.0 -75.987032,39.565899,0.0 -76.075905,39.543339,0.0 -76.105985,39.580597,0.0"
PORT DEPOSIT,21904,MD,39.621,-76.0696,0.7094291201347435,"-76.013352,39.584357,0.0 -76.105985,39.580597,0.0 -76.144269,39.617514,0.0 -76.163411,39.651012,0.0 -76.107352,39.639732,0.0 -76.066676,39.669812,0.0 -75.992843,39.620932,0.0 -76.013352,39.584357,0.0"
RISING SUN,21911,MD,39.6895,-76.0374,0.7436294960142259,"-76.066676,39.669812,0.0 -76.138116,39.686219,0.0 -76.154523,39.721427,0.0 -76.135723,39.721768,0.0 -75.962079,39.721768,0.0 -75.937126,39.721768,0.0 -75.931657,39.700234,0.0 -75.998996,39.691688,0.0 -75.992843,39.620932,0.0 -76.066676,39.669812,0.0"
WARWICK,21912,MD,39.423,-75.8125,0.3614023827890549,"-75.77613,39.494459,0.0 -75.767926,39.39328,0.0 -75.766559,39.377215,0.0 -75.810312,39.379266,0.0 -75.872181,39.398066,0.0 -75.85885,39.403535,0.0 -75.86261,39.45515,0.0 -75.865686,39.461644,0.0 -75.77613,39.494459,0.0"
CHARLESTOWN,21914,MD,39.5737,-75.9803,0.25590887272751417,"-75.992159,39.57547,0.0 -75.967548,39.576154,0.0 -75.987032,39.565899,0.0 -75.992159,39.57547,0.0"
CHESAPEAKE CITY,21915,MD,39.5004,-75.8385,0.5270866215539108,"-75.881068,39.520779,0.0 -75.779548,39.536161,0.0 -75.779548,39.535477,0.0 -75.77613,39.494459,0.0 -75.865686,39.461644,0.0 -75.925163,39.486939,0.0 -75.881068,39.520779,0.0"
COLORA,21917,MD,39.669,-76.0976,0.5256377664004971,"-76.107352,39.639732,0.0 -76.138116,39.686219,0.0 -76.066676,39.669812,0.0 -76.107352,39.639732,0.0"
CONOWINGO,21918,MD,39.6848,-76.1694,0.540612020845272,"-76.224938,39.70331,0.0 -76.233142,39.721427,0.0 -76.224254,39.721427,0.0 -76.154523,39.721427,0.0 -76.138116,39.686219,0.0 -76.107352,39.639732,0.0 -76.163411,39.651012,0.0 -76.224938,39.70331,0.0"
EARLEVILLE,21919,MD,39.4183,-75.9269,0.2860725117279155,"-75.86261,39.45515,0.0 -75.85885,39.403535,0.0 -75.872181,39.398066,0.0 -75.810312,39.379266,0.0 -75.882435,39.364226,0.0 -76.040356,39.398066,0.0 -75.948748,39.472582,0.0 -75.86261,39.45515,0.0"
HEBRON,21830,MD,38.3991,-75.728,0.30598436703243515,"-75.833897,38.391067,0.0 -75.699562,38.459431,0.0 -75.691017,38.460115,0.0 -75.662988,38.458748,0.0 -75.647948,38.383206,0.0 -75.714602,38.354835,0.0 -75.841075,38.380129,0.0 -75.833897,38.391067,0.0"
ROCKVILLE,20853,MD,39.1024,-77.0949,0.7133633603926929,"-77.122554,39.092822,0.0 -77.124947,39.101709,0.0 -77.102387,39.151273,0.0 -77.072991,39.123927,0.0 -77.091791,39.061374,0.0 -77.107856,39.071287,0.0 -77.122554,39.092822,0.0"
LEONARDTOWN,20650,MD,38.2744,-76.6302,0.2528193277716789,"-76.515142,38.211271,0.0 -76.536335,38.177431,0.0 -76.548299,38.176747,0.0 -76.686394,38.233489,0.0 -76.636146,38.286813,0.0 -76.71955,38.233147,0.0 -76.72707,38.312107,0.0 -76.709637,38.355518,0.0 -76.654604,38.353809,0.0 -76.661783,38.349365,0.0 -76.664859,38.344238,0.0 -76.577011,38.29946,0.0 -76.5336,38.252289,0.0 -76.515142,38.211271,0.0"
CLARKSVILLE,21029,MD,39.2067,-76.9499,0.3492293364565815,"-76.915412,39.230575,0.0 -76.894219,39.177251,0.0 -76.894219,39.155033,0.0 -76.9431,39.203571,0.0 -76.99574,39.181353,0.0 -77.005311,39.192975,0.0 -77.011463,39.207673,0.0 -76.976598,39.242196,0.0 -76.915412,39.230575,0.0"
WOODBINE,21797,MD,39.3367,-77.0692,0.7275179596791125,"-77.055558,39.266466,0.0 -77.114693,39.26544,0.0 -77.140329,39.285266,0.0 -77.062053,39.360808,0.0 -77.105122,39.38952,0.0 -77.070598,39.439426,0.0 -77.054532,39.436691,0.0 -77.013856,39.335855,0.0 -77.021034,39.308168,0.0 -77.055558,39.266466,0.0"
BETHESDA,20814,MD,39.0046,-77.1021,0.47504015018210166,"-77.079143,39.007025,0.0 -77.105805,38.976945,0.0 -77.126314,39.030611,0.0 -77.095893,39.028901,0.0 -77.079143,39.007025,0.0"
TOWSON,21286,MD,39.4147,-76.5733,0.2710114762648742,"-76.600255,39.413106,0.0 -76.557186,39.448313,0.0 -76.554451,39.447971,0.0 -76.537702,39.422335,0.0 -76.579062,39.382,0.0 -76.604357,39.384051,0.0 -76.607092,39.384051,0.0 -76.600255,39.413106,0.0"
HYATTSVILLE,20783,MD,39.0017,-76.9674,0.5176865593890864,"-77.002576,38.965665,0.0 -76.989929,38.991301,0.0 -76.965318,39.027192,0.0 -76.951645,39.045651,0.0 -76.94139,39.029585,0.0 -76.955405,38.98549,0.0 -76.997107,38.961563,0.0 -77.002576,38.965665,0.0"
CASCADE,21719,MD,39.7042,-77.5013,0.5594919568815886,"-77.496163,39.682117,0.0 -77.506759,39.720059,0.0 -77.481806,39.720059,0.0 -77.469159,39.720059,0.0 -77.496163,39.682117,0.0"
LEXINGTON PARK,20653,MD,38.2296,-76.4323,0.7468946212060695,"-76.353462,38.178114,0.0 -76.378415,38.166151,0.0 -76.409862,38.173329,0.0 -76.447804,38.208194,0.0 -76.460109,38.213322,0.0 -76.478909,38.2205,0.0 -76.482328,38.282369,0.0 -76.48848,38.3145,0.0 -76.46216,38.296384,0.0 -76.399266,38.263911,0.0 -76.353462,38.178114,0.0"
GAITHERSBURG,20878,MD,39.1129,-77.2493,0.472338201026809,"-77.246293,39.071629,0.0 -77.292097,39.076072,0.0 -77.232278,39.160844,0.0 -77.216896,39.14888,0.0 -77.187842,39.110938,0.0 -77.246293,39.071629,0.0"
SYKESVILLE,21784,MD,39.4024,-76.9709,0.6381444482656853,"-77.013856,39.335855,0.0 -77.054532,39.436691,0.0 -76.93934,39.468139,0.0 -76.887383,39.440451,0.0 -76.885674,39.396699,0.0 -76.95267,39.308851,0.0 -76.991296,39.321157,0.0 -77.013856,39.335855,0.0"
ELKRIDGE,21075,MD,39.2028,-76.7528,0.5723231885329767,"-76.797485,39.183745,0.0 -76.794408,39.197076,0.0 -76.746212,39.238436,0.0 -76.722968,39.227156,0.0 -76.697674,39.213826,0.0 -76.767063,39.162553,0.0 -76.790648,39.177593,0.0 -76.797485,39.183745,0.0"
HYATTSVILLE,20782,MD,38.9645,-76.9648,0.5140683997871587,"-76.962241,38.953701,0.0 -76.977623,38.946181,0.0 -76.987878,38.954385,0.0 -76.997107,38.961563,0.0 -76.955405,38.98549,0.0 -76.937972,38.97216,0.0 -76.942416,38.965665,0.0 -76.95643,38.949258,0.0 -76.962241,38.953701,0.0"
ANNAPOLIS,21401.1,MD,39.0038,-76.5115,0.5912060293870786,"-76.460451,38.997454,0.0 -76.484379,38.99472,0.0 -76.507622,39.020356,0.0 -76.465578,39.0436,0.0 -76.39448,39.011811,0.0 -76.460451,38.997454,0.0"
ANNAPOLIS,21401,MD,39.0038,-76.5115,0.5026585521152755,"-76.604699,38.981047,0.0 -76.608801,38.986174,0.0 -76.632044,39.029243,0.0 -76.566415,39.030611,0.0 -76.497026,38.991985,0.0 -76.497026,38.98344,0.0 -76.493608,38.984807,0.0 -76.484379,38.976945,0.0 -76.505913,38.97045,0.0 -76.525055,38.957803,0.0 -76.535651,38.967374,0.0 -76.557186,38.964298,0.0 -76.604699,38.981047,0.0"
SILVER SPRING,20902,MD,39.0438,-77.042,0.7358252064449774,"-77.032998,39.016254,0.0 -77.060002,39.024458,0.0 -77.083245,39.043258,0.0 -77.029238,39.066502,0.0 -77.010096,39.054538,0.0 -77.032998,39.016254,0.0"
REISTERSTOWN,21136,MD,39.4843,-76.8142,0.5946534289510096,"-76.885674,39.396699,0.0 -76.887383,39.440451,0.0 -76.875078,39.521121,0.0 -76.747921,39.562481,0.0 -76.728095,39.535477,0.0 -76.793725,39.48523,0.0 -76.708612,39.495826,0.0 -76.70827,39.463353,0.0 -76.713739,39.461302,0.0 -76.883623,39.396699,0.0 -76.885674,39.396699,0.0"
BALTIMORE,21230,MD,39.2676,-76.6274,0.666673818719981,"-76.62555,39.255869,0.0 -76.629652,39.242196,0.0 -76.664517,39.266807,0.0 -76.632044,39.285949,0.0 -76.614612,39.282189,0.0 -76.606066,39.281506,0.0 -76.62555,39.255869,0.0"
CALIFORNIA,20619,MD,38.2885,-76.5312,0.6801935142830133,"-76.5336,38.252289,0.0 -76.577011,38.29946,0.0 -76.511724,38.322704,0.0 -76.48848,38.3145,0.0 -76.482328,38.282369,0.0 -76.500786,38.237591,0.0 -76.5336,38.252289,0.0"
GWYNN OAK,21207,MD,39.3242,-76.7203,0.653151191793252,"-76.743135,39.299622,0.0 -76.746554,39.359782,0.0 -76.717841,39.356364,0.0 -76.682634,39.327309,0.0 -76.686394,39.305433,0.0 -76.725019,39.289709,0.0 -76.743135,39.299622,0.0"
BALTIMORE,21217,MD,39.3069,-76.639,0.31507249153799166,"-76.632386,39.29552,0.0 -76.652212,39.294837,0.0 -76.656313,39.316029,0.0 -76.652553,39.318422,0.0 -76.623157,39.310902,0.0 -76.632386,39.29552,0.0"
BALTIMORE,21212,MD,39.3672,-76.6147,0.34274047328129054,"-76.639564,39.37995,0.0 -76.643324,39.383026,0.0 -76.624182,39.38747,0.0 -76.610852,39.383368,0.0 -76.607092,39.384051,0.0 -76.604357,39.384051,0.0 -76.599913,39.342691,0.0 -76.622132,39.345426,0.0 -76.639564,39.37995,0.0"
STREET,21154,MD,39.652,-76.3488,0.5893313042163971,"-76.398582,39.617514,0.0 -76.490531,39.654088,0.0 -76.493266,39.680408,0.0 -76.33056,39.684852,0.0 -76.280654,39.680067,0.0 -76.259804,39.601448,0.0 -76.319622,39.614437,0.0 -76.398582,39.617514,0.0"
CROWNSVILLE,21032,MD,39.0331,-76.607,0.5924467850717205,"-76.566415,39.030611,0.0 -76.632044,39.029243,0.0 -76.608801,38.986174,0.0 -76.624866,38.988567,0.0 -76.649819,39.040523,0.0 -76.607092,39.075389,0.0 -76.566415,39.030611,0.0"
AVENUE,20609,MD,38.2763,-76.7482,0.6116292972156819,"-76.760226,38.236565,0.0 -76.776634,38.249554,0.0 -76.784837,38.259809,0.0 -76.759201,38.296042,0.0 -76.739375,38.309373,0.0 -76.728437,38.295016,0.0 -76.747237,38.262202,0.0 -76.756466,38.242376,0.0 -76.760226,38.236565,0.0"
PIKESVILLE,21208,MD,39.3852,-76.7226,0.5846747201406207,"-76.746554,39.359782,0.0 -76.765354,39.367644,0.0 -76.77971,39.38952,0.0 -76.71579,39.416524,0.0 -76.667252,39.400117,0.0 -76.665884,39.397382,0.0 -76.700066,39.37072,0.0 -76.717841,39.356364,0.0 -76.746554,39.359782,0.0"
GERMANTOWN,20874,MD,39.1392,-77.2931,0.3092425370226649,"-77.232278,39.160844,0.0 -77.292097,39.076072,0.0 -77.326279,39.075047,0.0 -77.335166,39.128029,0.0 -77.267828,39.201862,0.0 -77.239115,39.164945,0.0 -77.232278,39.160844,0.0"
JARRETTSVILLE,21084,MD,39.6185,-76.4624,0.5188329401266543,"-76.476517,39.565557,0.0 -76.508648,39.590168,0.0 -76.516168,39.613412,0.0 -76.490531,39.654088,0.0 -76.398582,39.617514,0.0 -76.476517,39.565557,0.0"
ELKTON,21921,MD,39.6288,-75.8581,0.6029737176610709,"-75.931657,39.700234,0.0 -75.937126,39.721768,0.0 -75.874574,39.72211,0.0 -75.841759,39.721768,0.0 -75.788435,39.721768,0.0 -75.788435,39.65443,0.0 -75.787752,39.639048,0.0 -75.77989,39.540604,0.0 -75.779548,39.536161,0.0 -75.881068,39.520779,0.0 -75.840734,39.580255,0.0 -75.930974,39.515652,0.0 -75.88517,39.568634,0.0 -75.955585,39.648961,0.0 -75.931657,39.700234,0.0"
BERLIN,21811,MD,38.3294,-75.2226,0.48926831737872634,"-75.361503,38.263227,0.0 -75.360478,38.298434,0.0 -75.338602,38.32578,0.0 -75.316041,38.369191,0.0 -75.238107,38.411918,0.0 -75.196405,38.402347,0.0 -75.129067,38.341504,0.0 -75.10343,38.323387,0.0 -75.190936,38.207511,0.0 -75.224776,38.242034,0.0 -75.251096,38.293991,0.0 -75.361503,38.263227,0.0"
ELLICOTT CITY,21043,MD,39.2571,-76.7957,0.6392603525475039,"-76.794408,39.197076,0.0 -76.837136,39.240146,0.0 -76.814917,39.311928,0.0 -76.796117,39.304749,0.0 -76.746212,39.238436,0.0 -76.794408,39.197076,0.0"
SALISBURY,21804,MD,38.3321,-75.5373,0.30847635200497403,"-75.438071,38.307664,0.0 -75.449693,38.286471,0.0 -75.552922,38.273823,0.0 -75.61274,38.306638,0.0 -75.614108,38.32954,0.0 -75.564544,38.423198,0.0 -75.506776,38.414311,0.0 -75.544035,38.398587,0.0 -75.438071,38.307664,0.0"
BOWIE,20715,MD,38.986,-76.7391,0.6065935984880888,"-76.701775,38.973869,0.0 -76.693914,38.955752,0.0 -76.750655,38.950625,0.0 -76.750997,39.035054,0.0 -76.706219,38.990276,0.0 -76.705535,38.988909,0.0 -76.701775,38.973869,0.0"
LAUREL,20707,MD,39.0954,-76.8852,0.4717823672241056,"-76.835427,39.096923,0.0 -76.878496,39.066843,0.0 -76.930452,39.074363,0.0 -76.887725,39.131789,0.0 -76.840212,39.103076,0.0 -76.835427,39.096923,0.0"
OWINGS MILLS,21117,MD,39.4252,-76.7739,0.3770057851240508,"-76.71579,39.416524,0.0 -76.77971,39.38952,0.0 -76.863456,39.395673,0.0 -76.883623,39.396699,0.0 -76.713739,39.461302,0.0 -76.71579,39.416524,0.0"
DEALE,20751,MD,38.7942,-76.5627,0.47273146099609287,"-76.564022,38.778006,0.0 -76.587266,38.788603,0.0 -76.578379,38.817999,0.0 -76.552401,38.814581,0.0 -76.538728,38.787236,0.0 -76.564022,38.778006,0.0"
